OBJECTID,COUNTYNS,GEOID,ALAND,AWATER,NAME,State,B25010_001E,B25010_001M,B25010_002E,B25010_002M,B25010_003E,B25010_003M,B01001_001E,B01001_001M,B01001_calc_PopDensity,created_user,created_date,last_edited_user,last_edited_date,B01001_calc_PopDensityM,SHAPE_Length,SHAPE_Area
2524,01383786,48001,2752198848,39810264,Anderson County,Texas,2.69,0.07,2.71,0.09,2.65,0.2,57863,,21.0242802921194,esri_demographics,2020/04/01 20:53:36+00,esri_demographics,2020/04/01 20:53:36+00,0,3.72648513759278,0.265934234774849
2525,01383787,48003,3886850264,957039,Andrews County,Texas,3.22,0.12,3.07,0.17,3.62,0.34,17818,,4.58417453459175,esri_demographics,2020/04/01 20:53:36+00,esri_demographics,2020/04/01 20:53:36+00,0,2.579062307509,0.372264273808947
2526,01383788,48005,2066245670,173333993,Angelina County,Texas,2.75,0.04,2.79,0.07,2.67,0.09,87607,,42.3991209138263,esri_demographics,2020/04/01 20:53:36+00,esri_demographics,2020/04/01 20:53:36+00,0,3.41352696025246,0.21206851793672
2527,01383789,48007,652804638,714591509,Aransas County,Texas,2.58,0.15,2.57,0.22,2.62,0.42,24763,,37.9332476495058,esri_demographics,2020/04/01 20:53:36+00,esri_demographics,2020/04/01 20:53:36+00,0,3.04868458244031,0.0682192246021778
2528,01383790,48009,2339507619,57768335,Archer County,Texas,2.61,0.09,2.62,0.12,2.6,0.29,8789,,3.75677340335261,esri_demographics,2020/04/01 20:53:36+00,esri_demographics,2020/04/01 20:53:36+00,0,1.9395629388163,0.232907314795707
2529,01383791,48011,2354581675,12219583,Armstrong County,Texas,2.62,0.19,2.49,0.22,3.14,0.48,1916,125,0.813732655929211,esri_demographics,2020/04/01 20:53:36+00,esri_demographics,2020/04/01 20:53:36+00,0.0530879864254443,1.94493815020789,0.2336013642186
2530,01383792,48013,3158596637,4995711,Atascosa County,Texas,3.15,0.07,3.15,0.1,3.13,0.21,48828,,15.4587640055162,esri_demographics,2020/04/01 20:53:36+00,esri_demographics,2020/04/01 20:53:36+00,0,2.26974926051764,0.292639306709202
2531,01383793,48015,1674405805,25606290,Austin County,Texas,2.65,0.08,2.64,0.1,2.7,0.23,29565,,17.6570099743533,esri_demographics,2020/04/01 20:53:36+00,esri_demographics,2020/04/01 20:53:36+00,0,2.52617328187289,0.15876656865919
2532,01383794,48017,2141847188,1775275,Bailey County,Texas,3.27,0.29,3.07,0.35,3.97,1.12,7092,,3.31116059060325,esri_demographics,2020/04/01 20:53:36+00,esri_demographics,2020/04/01 20:53:36+00,0,1.83659631436047,0.209350754329962
2533,01383795,48019,2048666855,17288356,Bandera County,Texas,2.58,0.09,2.51,0.11,2.93,0.4,21763,,10.6230058571431,esri_demographics,2020/04/01 20:53:36+00,esri_demographics,2020/04/01 20:53:36+00,0,2.12051708595049,0.192678064207557
2534,01383796,48021,2300370292,19079348,Bastrop County,Texas,3.17,0.08,3.2,0.11,3.08,0.24,82577,,35.8972641435938,esri_demographics,2020/04/01 20:53:36+00,esri_demographics,2020/04/01 20:53:36+00,0,1.83176386433861,0.217080489862246
2535,01383797,48023,2246764578,86991034,Baylor County,Texas,2.39,0.17,2.44,0.22,2.25,0.42,3591,,1.59829829754419,esri_demographics,2020/04/01 20:53:36+00,esri_demographics,2020/04/01 20:53:36+00,0,1.91254276514104,0.226739080248891
2536,01383798,48025,2279809496,246409,Bee County,Texas,2.92,0.1,3.09,0.16,2.61,0.23,32691,,14.3393560108235,esri_demographics,2020/04/01 20:53:36+00,esri_demographics,2020/04/01 20:53:36+00,0,2.24294611059293,0.209974327095835
2537,01383799,48027,2722825522,94658021,Bell County,Texas,2.76,0.02,2.85,0.04,2.66,0.05,342236,,125.691491149465,esri_demographics,2020/04/01 20:53:36+00,esri_demographics,2020/04/01 20:53:36+00,0,2.18165648188336,0.266192649511295
2538,01383800,48029,3212140683,41079712,Bexar County,Texas,3,0.03,3.19,0.02,2.72,0.03,1925865,,599.558110948405,esri_demographics,2020/04/01 20:53:36+00,esri_demographics,2020/04/01 20:53:36+00,0,2.74410418253088,0.302529608520588
2539,01383801,48031,1836948539,10818163,Blanco County,Texas,2.6,0.13,2.58,0.14,2.67,0.28,11279,,6.14007401978722,esri_demographics,2020/04/01 20:53:36+00,esri_demographics,2020/04/01 20:53:36+00,0,1.68334786427104,0.173215317712856
2540,01383802,48033,2324366073,22297606,Borden County,Texas,2.55,0.31,2.33,0.3,3.2,0.83,665,119,0.286099512346479,esri_demographics,2020/04/01 20:53:36+00,esri_demographics,2020/04/01 20:53:36+00,0.0511967548409488,1.9083274575775,0.22577567484282
2541,01383803,48035,2545908079,50666115,Bosque County,Texas,2.51,0.09,2.47,0.09,2.64,0.19,18122,,7.11808888525075,esri_demographics,2020/04/01 20:53:36+00,esri_demographics,2020/04/01 20:53:36+00,0,2.55352769540721,0.247548574759819
2542,01383804,48037,2292143504,98330188,Bowie County,Texas,2.62,0.04,2.66,0.06,2.54,0.1,93858,,40.9476980111451,esri_demographics,2020/04/01 20:53:36+00,esri_demographics,2020/04/01 20:53:36+00,0,4.02067540306847,0.231799825671627
2543,01383805,48039,3528352491,637937977,Brazoria County,Texas,2.88,0.03,3.05,0.04,2.46,0.06,353999,,100.32982841226,esri_demographics,2020/04/01 20:53:36+00,esri_demographics,2020/04/01 20:53:36+00,0,3.1421552969665,0.35151424343448
2544,01383806,48041,1516472390,14829823,Brazos County,Texas,2.57,0.03,2.74,0.05,2.43,0.05,219193,,144.54137209844,esri_demographics,2020/04/01 20:53:36+00,esri_demographics,2020/04/01 20:53:36+00,0,2.85526202686544,0.14411978478165
2545,01383807,48043,16015869871,22063885,Brewster County,Texas,2.31,0.14,2.4,0.19,2.19,0.2,9216,,0.575429250751309,esri_demographics,2020/04/01 20:53:36+00,esri_demographics,2020/04/01 20:53:36+00,0,5.72211099942696,1.49475105482999
2546,01383808,48045,2330991073,4068657,Briscoe County,Texas,2.45,0.21,2.45,0.26,2.44,0.38,1546,128,0.663237203225445,esri_demographics,2020/04/01 20:53:36+00,esri_demographics,2020/04/01 20:53:36+00,0.0549122652088338,1.92317178797174,0.229280778622491
2547,01383809,48047,2443277013,741627,Brooks County,Texas,3.23,0.29,3.16,0.37,3.36,0.5,7180,,2.93867619668061,esri_demographics,2020/04/01 20:53:36+00,esri_demographics,2020/04/01 20:53:36+00,0,2.05636615937628,0.222290053387546
2548,01383810,48049,2446120250,32375524,Brown County,Texas,2.57,0.06,2.65,0.08,2.38,0.14,37834,,15.4669419870098,esri_demographics,2020/04/01 20:53:36+00,esri_demographics,2020/04/01 20:53:36+00,0,2.08464375152328,0.235974983486221
2549,01383811,48051,1706888864,46046458,Burleson County,Texas,2.62,0.1,2.59,0.11,2.73,0.33,17863,,10.4652390537829,esri_demographics,2020/04/01 20:53:36+00,esri_demographics,2020/04/01 20:53:36+00,0,2.54344341439724,0.164698228839246
2550,01383812,48053,2575134223,69922923,Burnet County,Texas,2.68,0.09,2.61,0.12,2.91,0.25,45750,,17.7660642274024,esri_demographics,2020/04/01 20:53:36+00,esri_demographics,2020/04/01 20:53:36+00,0,2.49436075570063,0.249264824540603
2551,01383813,48055,1412150551,4973307,Caldwell County,Texas,2.84,0.06,2.87,0.08,2.8,0.17,41401,,29.3176956031227,esri_demographics,2020/04/01 20:53:36+00,esri_demographics,2020/04/01 20:53:36+00,0,1.89979344615289,0.132282258147284
2552,01383814,48057,1312707008,1361884769,Calhoun County,Texas,2.83,0.13,2.83,0.17,2.83,0.22,21807,,16.6122370545004,esri_demographics,2020/04/01 20:53:36+00,esri_demographics,2020/04/01 20:53:36+00,0,4.05072914636122,0.136400793008341
2553,01383815,48059,2329363242,4898783,Callahan County,Texas,2.57,0.11,2.52,0.13,2.82,0.38,13770,,5.91148677532021,esri_demographics,2020/04/01 20:53:36+00,esri_demographics,2020/04/01 20:53:36+00,0,1.89708525778542,0.223491708296975
2554,01383816,48061,2307806796,998119379,Cameron County,Texas,3.39,0.03,3.43,0.04,3.32,0.06,421750,,182.749266849806,esri_demographics,2020/04/01 20:53:36+00,esri_demographics,2020/04/01 20:53:36+00,0,4.07868134002103,0.225194141438329
2555,01383817,48063,507240881,19130860,Camp County,Texas,2.72,0.11,2.58,0.14,3.07,0.34,12813,,25.2601879697469,esri_demographics,2020/04/01 20:53:36+00,esri_demographics,2020/04/01 20:53:36+00,0,1.42036089737658,0.0507715624432254
2556,01383818,48065,2383397225,10026604,Carson County,Texas,2.66,0.11,2.68,0.13,2.58,0.39,6032,,2.53084124489572,esri_demographics,2020/04/01 20:53:36+00,esri_demographics,2020/04/01 20:53:36+00,0,1.95785821348406,0.237484456066777
2557,01383819,48067,2426706492,60517775,Cass County,Texas,2.52,0.08,2.47,0.09,2.7,0.21,30087,,12.3982855360491,esri_demographics,2020/04/01 20:53:36+00,esri_demographics,2020/04/01 20:53:36+00,0,2.69915886576361,0.240186132456509
2558,01383820,48069,2316600393,12557414,Castro County,Texas,3.04,0.16,2.93,0.24,3.2,0.38,7787,,3.36139112448126,esri_demographics,2020/04/01 20:53:36+00,esri_demographics,2020/04/01 20:53:36+00,0,1.92463479022262,0.228700345641877
2559,01383821,48071,1546618334,709745140,Chambers County,Texas,2.96,0.08,2.98,0.11,2.86,0.33,40292,,26.0516761726167,esri_demographics,2020/04/01 20:53:36+00,esri_demographics,2020/04/01 20:53:36+00,0,3.02930858597367,0.153840177913188
2560,01383822,48073,2727141729,23873001,Cherokee County,Texas,2.73,0.06,2.74,0.08,2.69,0.15,51903,,19.0320141590265,esri_demographics,2020/04/01 20:53:36+00,esri_demographics,2020/04/01 20:53:36+00,0,3.68205268960089,0.262095912664147
2561,01383823,48075,1803954628,44560655,Childress County,Texas,2.6,0.18,2.77,0.27,2.35,0.33,7226,,4.0056439823053,esri_demographics,2020/04/01 20:53:36+00,esri_demographics,2020/04/01 20:53:36+00,0,1.70773248601472,0.181504441360383
2562,01383824,48077,2819870070,72508632,Clay County,Texas,2.55,0.1,2.51,0.12,2.8,0.42,10387,,3.683503048777,esri_demographics,2020/04/01 20:53:36+00,esri_demographics,2020/04/01 20:53:36+00,0,2.46278178449163,0.28155690141376
2563,01383825,48079,2007453829,229068,Cochran County,Texas,2.8,0.19,2.82,0.23,2.74,0.43,2904,,1.44660861338296,esri_demographics,2020/04/01 20:53:36+00,esri_demographics,2020/04/01 20:53:36+00,0,1.76742792924151,0.195031656959951
2564,01383826,48081,2361124368,42360663,Coke County,Texas,1.96,0.1,1.95,0.12,2,0.26,3275,,1.38705103567844,esri_demographics,2020/04/01 20:53:36+00,esri_demographics,2020/04/01 20:53:36+00,0,1.95623405443721,0.229110858545907
2565,01383827,48083,3270933224,47963343,Coleman County,Texas,2.41,0.13,2.23,0.16,2.86,0.32,8391,,2.5653229293806,esri_demographics,2020/04/01 20:53:36+00,esri_demographics,2020/04/01 20:53:36+00,0,2.68238718493456,0.315985445996015
2566,01383828,48085,2178894500,116215462,Collin County,Texas,2.84,0.01,3.04,0.02,2.45,0.04,944350,,433.407858893581,esri_demographics,2020/04/01 20:53:36+00,esri_demographics,2020/04/01 20:53:36+00,0,1.93391543435344,0.221907653061283
2567,01383829,48087,2378749928,2279194,Collingsworth County,Texas,2.78,0.2,3.07,0.25,1.8,0.25,2996,,1.25948506176896,esri_demographics,2020/04/01 20:53:36+00,esri_demographics,2020/04/01 20:53:36+00,0,1.95117763150211,0.235005549857621
2568,01383830,48089,2487123834,34710042,Colorado County,Texas,2.75,0.11,2.75,0.12,2.79,0.4,21022,,8.45233345948467,esri_demographics,2020/04/01 20:53:36+00,esri_demographics,2020/04/01 20:53:36+00,0,2.38132708702998,0.23490579417486
2569,01383831,48091,1449129706,39797957,Comal County,Texas,2.74,0.03,2.79,0.05,2.59,0.11,135097,,93.2262995097279,esri_demographics,2020/04/01 20:53:36+00,esri_demographics,2020/04/01 20:53:36+00,0,1.95059721987758,0.138945362059192
2570,01383832,48093,2428768917,25719485,Comanche County,Texas,2.53,0.12,2.62,0.14,2.18,0.23,13495,,5.55631287338317,esri_demographics,2020/04/01 20:53:36+00,esri_demographics,2020/04/01 20:53:36+00,0,2.08819670999936,0.234121190746178
2571,01383833,48095,2547914009,25740025,Concho County,Texas,3.51,0.31,3.32,0.43,3.99,0.83,4233,,1.66135905099143,esri_demographics,2020/04/01 20:53:36+00,esri_demographics,2020/04/01 20:53:36+00,0,2.16490353110209,0.243884513489464
2572,01383834,48097,2265746282,61362926,Cooke County,Texas,2.53,0.05,2.48,0.07,2.64,0.12,39571,,17.4648857704713,esri_demographics,2020/04/01 20:53:36+00,esri_demographics,2020/04/01 20:53:36+00,0,2.88719678928159,0.226151895617487
2573,01383835,48099,2725181907,11798688,Coryell County,Texas,2.72,0.06,2.67,0.07,2.78,0.11,75389,,27.6638413774703,esri_demographics,2020/04/01 20:53:36+00,esri_demographics,2020/04/01 20:53:36+00,0,2.05429823767844,0.259535892704623
2574,01383836,48101,2332448738,2723997,Cottle County,Texas,2.37,0.24,2.22,0.24,2.63,0.57,1623,188,0.695835228255293,esri_demographics,2020/04/01 20:53:36+00,esri_demographics,2020/04/01 20:53:36+00,0.0806019857744887,2.0222764558195,0.228082071747159
2575,01383837,48103,2033319700,1695980,Crane County,Texas,3.33,0.18,3.25,0.21,3.82,0.95,4839,,2.37985202228651,esri_demographics,2020/04/01 20:53:36+00,esri_demographics,2020/04/01 20:53:36+00,0,2.41751113585501,0.193047295375401
2576,01383838,48105,7270935062,53329,Crockett County,Texas,2.56,0.26,2.57,0.29,2.54,0.57,3633,186,0.49966063085711,esri_demographics,2020/04/01 20:53:36+00,esri_demographics,2020/04/01 20:53:36+00,0.0255813039745176,5.10938023334762,0.684750739778525
2577,01383839,48107,2331503433,3873557,Crosby County,Texas,2.83,0.14,2.82,0.2,2.86,0.38,5861,,2.51382859533624,esri_demographics,2020/04/01 20:53:36+00,esri_demographics,2020/04/01 20:53:36+00,0,1.91276619903931,0.226891728133752
2578,01383840,48109,9873439558,556134,Culberson County,Texas,3.24,0.54,3.18,0.58,3.37,0.98,2241,,0.226972574940636,esri_demographics,2020/04/01 20:53:36+00,esri_demographics,2020/04/01 20:53:36+00,0,4.06952158829357,0.936870931965168
2579,01383841,48111,3893095082,5180577,Dallam County,Texas,2.99,0.24,2.9,0.32,3.16,0.43,7243,,1.86047344013983,esri_demographics,2020/04/01 20:53:36+00,esri_demographics,2020/04/01 20:53:36+00,0,2.64800897817486,0.391012770274941
2580,01383842,48113,2258614866,94698972,Dallas County,Texas,2.79,0.02,2.99,0.02,2.58,0.02,2586552,,1145.19391461404,esri_demographics,2020/04/01 20:53:36+00,esri_demographics,2020/04/01 20:53:36+00,0,1.91192088134329,0.22647273017757
2581,01383843,48115,2331781560,4720730,Dawson County,Texas,2.58,0.1,2.68,0.12,2.33,0.26,12964,,5.55969745296382,esri_demographics,2020/04/01 20:53:36+00,esri_demographics,2020/04/01 20:53:36+00,0,1.90361765472609,0.224795129800584
2582,01383845,48117,3876750541,3926557,Deaf Smith County,Texas,3.03,0.08,2.95,0.15,3.17,0.22,18899,,4.87495901532138,esri_demographics,2020/04/01 20:53:36+00,esri_demographics,2020/04/01 20:53:36+00,0,2.62181508195501,0.383025017125735
2583,01383846,48119,665192127,54648178,Delta County,Texas,2.56,0.12,2.44,0.15,2.89,0.32,5215,,7.83984023310607,esri_demographics,2020/04/01 20:53:36+00,esri_demographics,2020/04/01 20:53:36+00,0,2.33850520116721,0.0697546105505456
2584,01383847,48121,2275564887,192448040,Denton County,Texas,2.81,0.02,3.01,0.03,2.43,0.03,807047,,354.657871814841,esri_demographics,2020/04/01 20:53:36+00,esri_demographics,2020/04/01 20:53:36+00,0,1.9714204321811,0.238671533825266
2585,01383844,48123,2354237927,3919919,DeWitt County,Texas,2.62,0.09,2.6,0.12,2.67,0.26,20435,,8.68009123701455,esri_demographics,2020/04/01 20:53:36+00,esri_demographics,2020/04/01 20:53:36+00,0,2.06210401638849,0.218524464551617
2586,01383848,48125,2335454676,9057848,Dickens County,Texas,2.48,0.21,2.57,0.28,2.25,0.37,2216,,0.948851640227678,esri_demographics,2020/04/01 20:53:36+00,esri_demographics,2020/04/01 20:53:36+00,0,1.91813345856249,0.227784533632914
2587,01383849,48127,3441795368,14576536,Dimmit County,Texas,3.18,0.22,3.27,0.39,2.95,0.78,10663,,3.09809237909347,esri_demographics,2020/04/01 20:53:36+00,esri_demographics,2020/04/01 20:53:36+00,0,2.32638905759468,0.31831805325537
2588,01383850,48129,2400676101,15901857,Donley County,Texas,2.38,0.15,2.41,0.17,2.3,0.32,3387,,1.41085255049157,esri_demographics,2020/04/01 20:53:36+00,esri_demographics,2020/04/01 20:53:36+00,0,1.96741729130399,0.238515705364512
2589,01383851,48131,4645083897,5478267,Duval County,Texas,3.09,0.19,2.99,0.24,3.27,0.39,11355,,2.44451989496542,esri_demographics,2020/04/01 20:53:36+00,esri_demographics,2020/04/01 20:53:36+00,0,2.7696071101982,0.425419239762858
2590,01383852,48133,2399637922,14009171,Eastland County,Texas,2.68,0.14,2.76,0.18,2.43,0.31,18270,,7.6136486394467,esri_demographics,2020/04/01 20:53:36+00,esri_demographics,2020/04/01 20:53:36+00,0,1.98486347725809,0.231165886300405
2591,01383853,48135,2325320265,10377149,Ector County,Texas,3.02,0.04,3.18,0.06,2.7,0.08,158342,,68.0947060855723,esri_demographics,2020/04/01 20:53:36+00,esri_demographics,2020/04/01 20:53:36+00,0,1.89351909530004,0.222603355780075
2592,01383854,48137,5485259733,5199798,Edwards County,Texas,2.98,0.52,3.12,0.61,2.33,0.92,2055,193,0.374640418144079,esri_demographics,2020/04/01 20:53:36+00,esri_demographics,2020/04/01 20:53:36+00,0.0351852071541641,3.37264551302049,0.513246682854336
2593,01383856,48139,2423349113,41666088,Ellis County,Texas,2.99,0.03,3.04,0.05,2.86,0.1,168838,,69.6713482569525,esri_demographics,2020/04/01 20:53:36+00,esri_demographics,2020/04/01 20:53:36+00,0,2.24279905283719,0.236140348505445
2594,01383855,48141,2624139561,5451095,El Paso County,Texas,3.1,0.02,3.26,0.03,2.83,0.04,837654,,319.210918675678,esri_demographics,2020/04/01 20:53:36+00,esri_demographics,2020/04/01 20:53:36+00,0,2.43194878426612,0.250158763693476
2595,01383857,48143,2805417369,17169065,Erath County,Texas,2.82,0.09,2.84,0.13,2.78,0.21,41482,,14.7863916643485,esri_demographics,2020/04/01 20:53:36+00,esri_demographics,2020/04/01 20:53:36+00,0,2.11291510742061,0.270066881278394
2596,01383858,48145,1982545004,21693802,Falls County,Texas,2.96,0.12,3.07,0.16,2.67,0.34,17299,,8.72565312015485,esri_demographics,2020/04/01 20:53:36+00,esri_demographics,2020/04/01 20:53:36+00,0,1.7964481654352,0.189780782865335
2597,01383859,48147,2307250914,20847064,Fannin County,Texas,2.54,0.06,2.53,0.09,2.57,0.14,34175,,14.8119997667493,esri_demographics,2020/04/01 20:53:36+00,esri_demographics,2020/04/01 20:53:36+00,0,2.28096232601184,0.226131123954286
2598,01383860,48149,2460152118,25739448,Fayette County,Texas,2.71,0.11,2.63,0.11,3.06,0.36,25066,,10.1888008536552,esri_demographics,2020/04/01 20:53:36+00,esri_demographics,2020/04/01 20:53:36+00,0,2.0380693607579,0.23213770935504
2599,01383861,48151,2328272101,7258480,Fisher County,Texas,2.33,0.14,2.36,0.17,2.23,0.25,3883,,1.66776039550199,esri_demographics,2020/04/01 20:53:36+00,esri_demographics,2020/04/01 20:53:36+00,0,1.90155708660739,0.224702366522504
2600,01383862,48153,2569637284,983737,Floyd County,Texas,2.51,0.13,2.46,0.16,2.62,0.36,5872,,2.28514741615961,esri_demographics,2020/04/01 20:53:36+00,esri_demographics,2020/04/01 20:53:36+00,0,2.00676286967092,0.25106371512235
2601,01383863,48155,1824378631,8514741,Foard County,Texas,2.46,0.25,2.51,0.3,2.24,0.65,1408,137,0.771769618474554,esri_demographics,2020/04/01 20:53:36+00,esri_demographics,2020/04/01 20:53:36+00,0.0750940608885042,2.35327370922127,0.178809673551272
2602,01383864,48157,2231486504,61532084,Fort Bend County,Texas,3.18,0.02,3.23,0.03,3.01,0.07,739342,,331.322640165965,esri_demographics,2020/04/01 20:53:36+00,esri_demographics,2020/04/01 20:53:36+00,0,2.54338092176082,0.213398386907842
2603,01383865,48159,736570305,26874741,Franklin County,Texas,2.78,0.19,2.7,0.2,3.07,0.51,10679,,14.4982765765992,esri_demographics,2020/04/01 20:53:36+00,esri_demographics,2020/04/01 20:53:36+00,0,1.40867591892485,0.0738051097024102
2604,01383866,48161,2273311881,36936952,Freestone County,Texas,2.63,0.07,2.56,0.09,2.84,0.23,19709,,8.66972990583688,esri_demographics,2020/04/01 20:53:36+00,esri_demographics,2020/04/01 20:53:36+00,0,2.49756102926724,0.219794629509798
2605,01383867,48163,2935753507,2193622,Frio County,Texas,3.4,0.21,3.45,0.29,3.28,0.38,19394,,6.60614045210438,esri_demographics,2020/04/01 20:53:36+00,esri_demographics,2020/04/01 20:53:36+00,0,2.11208048478105,0.271700529339215
2606,01383868,48165,3891105257,1262946,Gaines County,Texas,3.52,0.11,3.61,0.17,3.23,0.44,20321,,5.22242361946982,esri_demographics,2020/04/01 20:53:36+00,esri_demographics,2020/04/01 20:53:36+00,0,2.59145255977008,0.374477761777915
2607,01383869,48167,981441986,1281681977,Galveston County,Texas,2.69,0.03,2.8,0.04,2.47,0.06,327089,,333.273901734218,esri_demographics,2020/04/01 20:53:36+00,esri_demographics,2020/04/01 20:53:36+00,0,4.21822744664883,0.103892248172084
2608,01383870,48169,2313930833,7215531,Garza County,Texas,2.7,0.25,2.35,0.25,3.32,0.58,6288,188,2.71745374162617,esri_demographics,2020/04/01 20:53:36+00,esri_demographics,2020/04/01 20:53:36+00,0.0812470266262276,1.89787841326037,0.224404848622963
2609,01383871,48171,2740719114,9012764,Gillespie County,Texas,2.41,0.08,2.48,0.1,2.23,0.19,26208,,9.56245383415092,esri_demographics,2020/04/01 20:53:36+00,esri_demographics,2020/04/01 20:53:36+00,0,2.1522363254502,0.2579010640214
2610,01383872,48173,2331552975,2245302,Glasscock County,Texas,3.31,0.46,3.07,0.43,3.82,1,1430,146,0.613325116492367,esri_demographics,2020/04/01 20:53:36+00,esri_demographics,2020/04/01 20:53:36+00,0.0626192076978221,1.89249796585685,0.222422945715513
2611,01383873,48175,2206698607,19050015,Goliad County,Texas,2.77,0.19,2.81,0.2,2.57,0.45,7531,,3.41279048081621,esri_demographics,2020/04/01 20:53:36+00,esri_demographics,2020/04/01 20:53:36+00,0,2.18248895271098,0.20542997678238
2612,01383874,48177,2762704863,8204087,Gonzales County,Texas,2.82,0.08,2.77,0.13,2.93,0.24,20667,,7.48071220954013,esri_demographics,2020/04/01 20:53:36+00,esri_demographics,2020/04/01 20:53:36+00,0,2.12233763447556,0.257696877131419
2613,01383875,48179,2398261664,8700790,Gray County,Texas,2.64,0.08,2.69,0.12,2.49,0.23,22685,,9.45893450265317,esri_demographics,2020/04/01 20:53:36+00,esri_demographics,2020/04/01 20:53:36+00,0,1.96698984975488,0.238820845476686
2614,01383876,48181,2416020062,120088329,Grayson County,Texas,2.63,0.03,2.69,0.05,2.51,0.08,128560,,53.2114786719019,esri_demographics,2020/04/01 20:53:36+00,esri_demographics,2020/04/01 20:53:36+00,0,2.37796754142754,0.246427971958138
2615,01383877,48183,708052198,6206414,Gregg County,Texas,2.61,0.04,2.78,0.07,2.37,0.07,123494,,174.413694850221,esri_demographics,2020/04/01 20:53:36+00,esri_demographics,2020/04/01 20:53:36+00,0,1.3624874167524,0.0685218091420765
2616,01383878,48185,2039530033,36607095,Grimes County,Texas,2.73,0.1,2.66,0.12,2.95,0.3,27630,,13.5472386054342,esri_demographics,2020/04/01 20:53:36+00,esri_demographics,2020/04/01 20:53:36+00,0,2.45579946497061,0.195165821899848
2617,01383879,48187,1842135335,9163422,Guadalupe County,Texas,2.89,0.04,2.92,0.04,2.77,0.11,155137,,84.2158537716774,esri_demographics,2020/04/01 20:53:36+00,esri_demographics,2020/04/01 20:53:36+00,0,2.4263177769219,0.172382768812866
2618,01383880,48189,2602109438,246678,Hale County,Texas,2.86,0.07,2.87,0.11,2.83,0.16,34113,,13.1097483840724,esri_demographics,2020/04/01 20:53:36+00,esri_demographics,2020/04/01 20:53:36+00,0,2.01833210631583,0.254157485142704
2619,01383881,48191,2288233616,53366403,Hall County,Texas,2.31,0.16,2.28,0.26,2.35,0.25,3074,,1.34339430139724,esri_demographics,2020/04/01 20:53:36+00,esri_demographics,2020/04/01 20:53:36+00,0,1.92742314098189,0.22992437583858
2620,01383882,48193,2165008734,1238628,Hamilton County,Texas,2.57,0.17,2.49,0.18,2.93,0.53,8269,,3.81938413002264,esri_demographics,2020/04/01 20:53:36+00,esri_demographics,2020/04/01 20:53:36+00,0,1.97962021247361,0.206094225128907
2621,01383883,48195,2382296648,1548341,Hansford County,Texas,2.95,0.2,2.9,0.24,3.08,0.65,5547,,2.32842538928007,esri_demographics,2020/04/01 20:53:36+00,esri_demographics,2020/04/01 20:53:36+00,0,1.9646920609217,0.239107879999344
2622,01383884,48197,1800337391,4548860,Hardeman County,Texas,2.58,0.17,2.54,0.21,2.68,0.43,3952,,2.19514409896517,esri_demographics,2020/04/01 20:53:36+00,esri_demographics,2020/04/01 20:53:36+00,0,1.96601689985253,0.176724295249653
2623,01383885,48199,2306610690,18039522,Hardin County,Texas,2.74,0.06,2.76,0.07,2.67,0.21,56379,,24.442356156773,esri_demographics,2020/04/01 20:53:36+00,esri_demographics,2020/04/01 20:53:36+00,0,2.70198419222644,0.218063408285218
2624,01383886,48201,4416454882,187141456,Harris County,Texas,2.88,0.01,3.07,0.02,2.65,0.01,4602523,,1042.13065070773,esri_demographics,2020/04/01 20:53:36+00,esri_demographics,2020/04/01 20:53:36+00,0,3.89914993465245,0.429118643164353
2625,01383887,48203,2330874187,40916169,Harrison County,Texas,2.81,0.07,2.75,0.08,2.98,0.17,66645,,28.5922768254501,esri_demographics,2020/04/01 20:53:36+00,esri_demographics,2020/04/01 20:53:36+00,0,2.56206740484801,0.227704009104414
2626,01383888,48205,3786435510,3023183,Hartley County,Texas,2.51,0.14,2.59,0.17,2.36,0.32,5767,,1.52306832765785,esri_demographics,2020/04/01 20:53:36+00,esri_demographics,2020/04/01 20:53:36+00,0,2.61761859435642,0.37802541248697
2627,01383889,48207,2339103809,18465208,Haskell County,Texas,2.46,0.14,2.55,0.17,2.21,0.26,5809,,2.48342975529736,esri_demographics,2020/04/01 20:53:36+00,esri_demographics,2020/04/01 20:53:36+00,0,1.91551270872618,0.227921981975054
2628,01383890,48209,1755978790,5037743,Hays County,Texas,2.78,0.03,2.88,0.05,2.62,0.07,204150,,116.259946397189,esri_demographics,2020/04/01 20:53:36+00,esri_demographics,2020/04/01 20:53:36+00,0,1.80404405569024,0.164741653836347
2629,01383891,48211,2347270019,15205586,Hemphill County,Texas,3.04,0.17,2.89,0.25,3.3,0.45,4061,,1.7300949473764,esri_demographics,2020/04/01 20:53:36+00,esri_demographics,2020/04/01 20:53:36+00,0,1.95371729902945,0.235666606586559
2630,01383892,48213,2263061592,193211786,Henderson County,Texas,2.56,0.05,2.55,0.06,2.61,0.14,80460,,35.5536059135239,esri_demographics,2020/04/01 20:53:36+00,esri_demographics,2020/04/01 20:53:36+00,0,3.1150847764947,0.23495552311795
2631,01383893,48215,4068610451,31102593,Hidalgo County,Texas,3.58,0.03,3.69,0.04,3.33,0.06,849389,,208.766361446875,esri_demographics,2020/04/01 20:53:36+00,esri_demographics,2020/04/01 20:53:36+00,0,3.03872116243336,0.36987157820809
2632,01383894,48217,2483423943,69547481,Hill County,Texas,2.7,0.06,2.72,0.08,2.62,0.14,35399,,14.2541107811168,esri_demographics,2020/04/01 20:53:36+00,esri_demographics,2020/04/01 20:53:36+00,0,2.56860302971526,0.243626103983833
2633,01383895,48219,2352723904,446119,Hockley County,Texas,2.82,0.07,2.88,0.1,2.69,0.18,23162,,9.8447590729286,esri_demographics,2020/04/01 20:53:36+00,esri_demographics,2020/04/01 20:53:36+00,0,1.92105650411015,0.228602280218607
2634,01383896,48221,1089617912,41788074,Hood County,Texas,2.56,0.05,2.57,0.06,2.53,0.15,56901,,52.2210578344457,esri_demographics,2020/04/01 20:53:36+00,esri_demographics,2020/04/01 20:53:36+00,0,1.38884016427118,0.10848081594357
2635,01383897,48223,1987276095,65992861,Hopkins County,Texas,2.67,0.05,2.64,0.07,2.75,0.13,36240,,18.2360166718556,esri_demographics,2020/04/01 20:53:36+00,esri_demographics,2020/04/01 20:53:36+00,0,2.30860577287999,0.198439436276668
2636,01383898,48225,3188288232,14426022,Houston County,Texas,2.41,0.08,2.46,0.11,2.31,0.2,22955,,7.19978820283774,esri_demographics,2020/04/01 20:53:36+00,esri_demographics,2020/04/01 20:53:36+00,0,3.1587910701064,0.303467974868148
2637,01383899,48227,2333039137,8841783,Howard County,Texas,2.85,0.08,2.88,0.12,2.79,0.2,36667,,15.7164101615326,esri_demographics,2020/04/01 20:53:36+00,esri_demographics,2020/04/01 20:53:36+00,0,1.9000299095978,0.224241835749225
2638,01383900,48229,11837605503,2189943,Hudspeth County,Texas,3.75,0.35,3.73,0.47,3.82,1.08,4098,,0.346184876575034,esri_demographics,2020/04/01 20:53:36+00,esri_demographics,2020/04/01 20:53:36+00,0,4.76435342754506,1.12260872128476
2639,01383901,48231,2176470568,107957791,Hunt County,Texas,2.76,0.04,2.86,0.06,2.54,0.1,92152,,42.3401085017567,esri_demographics,2020/04/01 20:53:36+00,esri_demographics,2020/04/01 20:53:36+00,0,2.04520058862035,0.2207162607423
2640,01383902,48233,2298408152,19507502,Hutchinson County,Texas,2.98,0.12,3,0.15,2.91,0.38,21571,,9.38519121646415,esri_demographics,2020/04/01 20:53:36+00,esri_demographics,2020/04/01 20:53:36+00,0,1.93599606936047,0.231228663263786
2641,01383903,48235,2723485996,176317,Irion County,Texas,2.4,0.22,2.23,0.26,3.04,0.77,1524,153,0.559576954769846,esri_demographics,2020/04/01 20:53:36+00,esri_demographics,2020/04/01 20:53:36+00,0.0561780013646892,2.04803370601215,0.258038908291032
2642,01383904,48237,2359323246,23787056,Jack County,Texas,2.43,0.12,2.48,0.12,2.2,0.29,8842,,3.7476848562361,esri_demographics,2020/04/01 20:53:36+00,esri_demographics,2020/04/01 20:53:36+00,0,1.93358582246603,0.230533926141518
2643,01383905,48239,2148246713,71039573,Jackson County,Texas,2.79,0.12,2.71,0.13,2.95,0.28,14820,,6.89864898212927,esri_demographics,2020/04/01 20:53:36+00,esri_demographics,2020/04/01 20:53:36+00,0,2.21929552584756,0.205376674472359
2644,01383906,48241,2431105370,80399908,Jasper County,Texas,2.75,0.08,2.71,0.11,2.88,0.24,35504,,14.6040564255757,esri_demographics,2020/04/01 20:53:36+00,esri_demographics,2020/04/01 20:53:36+00,0,3.72960103739231,0.236573796385234
2645,01383907,48243,5865172230,206206,Jeff Davis County,Texas,2.07,0.28,1.95,0.31,2.58,0.85,2234,,0.380892480628825,esri_demographics,2020/04/01 20:53:36+00,esri_demographics,2020/04/01 20:53:36+00,0,3.43480434905557,0.55233167017577
2646,01383908,48245,2269793029,611960874,Jefferson County,Texas,2.54,0.02,2.65,0.04,2.37,0.05,255210,,112.437564456015,esri_demographics,2020/04/01 20:53:36+00,esri_demographics,2020/04/01 20:53:36+00,0,2.74450955024049,0.23939334075273
2647,01383909,48247,2942674729,92565,Jim Hogg County,Texas,3.07,0.37,2.86,0.39,3.62,0.72,5282,,1.79496563039944,esri_demographics,2020/04/01 20:53:36+00,esri_demographics,2020/04/01 20:53:36+00,0,2.27206794008805,0.267680302892289
2648,01383910,48249,2240779987,8739522,Jim Wells County,Texas,3.13,0.09,3.24,0.13,2.88,0.21,41192,,18.3828846379285,esri_demographics,2020/04/01 20:53:36+00,esri_demographics,2020/04/01 20:53:36+00,0,2.42982830627265,0.205871648847175
2649,01383911,48251,1877223473,25002931,Johnson County,Texas,2.85,0.03,2.88,0.04,2.77,0.1,163475,,87.0833986210229,esri_demographics,2020/04/01 20:53:36+00,esri_demographics,2020/04/01 20:53:36+00,0,1.8303034941353,0.182287406179289
2650,01383912,48253,2404985708,22188417,Jones County,Texas,2.26,0.11,2.26,0.13,2.25,0.21,19891,,8.27073522051882,esri_demographics,2020/04/01 20:53:36+00,esri_demographics,2020/04/01 20:53:36+00,0,1.95280041120556,0.233511966665269
2651,01383913,48255,1936008329,15671661,Karnes County,Texas,2.9,0.12,2.99,0.16,2.67,0.27,15387,,7.94779638574582,esri_demographics,2020/04/01 20:53:36+00,esri_demographics,2020/04/01 20:53:36+00,0,1.98538347880034,0.180555336991063
2652,01383914,48257,2021939947,69763128,Kaufman County,Texas,3.14,0.05,3.19,0.05,3,0.15,118910,,58.809857422536,esri_demographics,2020/04/01 20:53:36+00,esri_demographics,2020/04/01 20:53:36+00,0,2.00389792655115,0.200926880933543
2653,01383915,48259,1715747625,1496797,Kendall County,Texas,2.93,0.06,3,0.09,2.76,0.25,41982,,24.4686336080459,esri_demographics,2020/04/01 20:53:36+00,esri_demographics,2020/04/01 20:53:36+00,0,1.6095164927822,0.160466853450278
2654,01383916,48261,3777375654,1262209502,Kenedy County,Texas,2.82,0.67,2.77,1.23,2.85,0.84,595,181,0.157516766798116,esri_demographics,2020/04/01 20:53:36+00,esri_demographics,2020/04/01 20:53:36+00,0.0479168651940488,4.55754065583908,0.339946629890198
2655,01383917,48263,2337482036,1065195,Kent County,Texas,2.22,0.31,2.29,0.35,2.06,0.58,749,118,0.320430270036095,esri_demographics,2020/04/01 20:53:36+00,esri_demographics,2020/04/01 20:53:36+00,0.0504816713808533,1.90373025759348,0.226091041435261
2656,01383918,48265,2857601859,10247474,Kerr County,Texas,2.39,0.05,2.3,0.08,2.63,0.19,51365,,17.9748623266836,esri_demographics,2020/04/01 20:53:36+00,esri_demographics,2020/04/01 20:53:36+00,0,2.59009863130778,0.26829376619346
2657,01383919,48267,3240035980,493584,Kimble County,Texas,2.24,0.16,2.18,0.17,2.41,0.37,4408,,1.3604787191283,esri_demographics,2020/04/01 20:53:36+00,esri_demographics,2020/04/01 20:53:36+00,0,2.47219740470874,0.304449042273534
2658,01383920,48269,2359148814,6398044,King County,Texas,2.51,0.53,2.29,1.05,2.63,0.61,228,69,0.0966450266498534,esri_demographics,2020/04/01 20:53:36+00,esri_demographics,2020/04/01 20:53:36+00,0.0292478370124556,1.92526827692736,0.229827787774415
2659,01383921,48271,3522525630,13124946,Kinney County,Texas,2.94,0.39,2.83,0.47,3.24,0.83,3675,,1.04328552465351,esri_demographics,2020/04/01 20:53:36+00,esri_demographics,2020/04/01 20:53:36+00,0,2.42386682307978,0.328430995640539
2660,01383922,48273,2282572438,541041664,Kleberg County,Texas,2.7,0.09,2.84,0.16,2.55,0.17,31425,,13.7673615421094,esri_demographics,2020/04/01 20:53:36+00,esri_demographics,2020/04/01 20:53:36+00,0,3.45867767214592,0.215708318920707
2661,01383923,48275,2203109026,12577260,Knox County,Texas,2.7,0.19,2.66,0.19,2.89,0.53,3733,,1.69442363312255,esri_demographics,2020/04/01 20:53:36+00,esri_demographics,2020/04/01 20:53:36+00,0,2.14175994487043,0.215242486999118
2662,01383925,48277,2349588921,67136454,Lamar County,Texas,2.53,0.05,2.54,0.07,2.5,0.13,49532,,21.0811344730545,esri_demographics,2020/04/01 20:53:36+00,esri_demographics,2020/04/01 20:53:36+00,0,2.65564622824527,0.234936063097468
2663,01383926,48279,2631897582,3973764,Lamb County,Texas,2.75,0.1,2.69,0.11,2.89,0.25,13262,,5.03894987810358,esri_demographics,2020/04/01 20:53:36+00,esri_demographics,2020/04/01 20:53:36+00,0,2.03084184576945,0.257425083015946
2664,01383927,48281,1846250642,2833490,Lampasas County,Texas,2.63,0.09,2.66,0.11,2.56,0.25,20640,,11.1794138512207,esri_demographics,2020/04/01 20:53:36+00,esri_demographics,2020/04/01 20:53:36+00,0,1.99887681935061,0.174985594997393
2665,01383924,48283,3850545736,19503739,La Salle County,Texas,2.92,0.26,2.98,0.32,2.78,0.57,7409,181,1.92414283791798,esri_demographics,2020/04/01 20:53:36+00,esri_demographics,2020/04/01 20:53:36+00,0.0470063238848905,2.38328632103985,0.356162012878728
2666,01383928,48285,2511535251,1882216,Lavaca County,Texas,2.51,0.08,2.52,0.1,2.5,0.15,19941,,7.93976512655366,esri_demographics,2020/04/01 20:53:36+00,esri_demographics,2020/04/01 20:53:36+00,0,1.9279889801434,0.233586764130982
2667,01383929,48287,1629205077,13106451,Lee County,Texas,2.69,0.1,2.8,0.12,2.32,0.29,16952,,10.4050743760357,esri_demographics,2020/04/01 20:53:36+00,esri_demographics,2020/04/01 20:53:36+00,0,2.25660177034788,0.154023332730598
2668,01383930,48289,2779462025,19328383,Leon County,Texas,2.72,0.16,2.6,0.17,3.13,0.38,17098,,6.15155013675713,esri_demographics,2020/04/01 20:53:36+00,esri_demographics,2020/04/01 20:53:36+00,0,2.94119697505277,0.265136106339597
2669,01383931,48291,3000204407,46518024,Liberty County,Texas,2.85,0.05,2.92,0.08,2.64,0.16,81862,,27.2854742193571,esri_demographics,2020/04/01 20:53:36+00,esri_demographics,2020/04/01 20:53:36+00,0,2.3404301603175,0.285283143549456
2670,01383932,48293,2345053182,71830221,Limestone County,Texas,2.76,0.08,2.83,0.1,2.57,0.2,23515,,10.0274911377255,esri_demographics,2020/04/01 20:53:36+00,esri_demographics,2020/04/01 20:53:36+00,0,1.94151865767754,0.229553789921235
2671,01383933,48295,2414350766,298741,Lipscomb County,Texas,2.73,0.19,2.73,0.21,2.71,0.39,3469,,1.43682519079334,esri_demographics,2020/04/01 20:53:36+00,esri_demographics,2020/04/01 20:53:36+00,0,1.98162837376773,0.24219858209469
2672,01383934,48297,2692796898,101483818,Live Oak County,Texas,2.89,0.18,2.82,0.22,3.18,0.51,12123,,4.50201053373317,esri_demographics,2020/04/01 20:53:36+00,esri_demographics,2020/04/01 20:53:36+00,0,2.30802732534295,0.257173725826676
2673,01383935,48299,2419183490,82373066,Llano County,Texas,2.41,0.11,2.31,0.11,2.79,0.37,20640,,8.53180425764232,esri_demographics,2020/04/01 20:53:36+00,esri_demographics,2020/04/01 20:53:36+00,0,2.3203623926802,0.235543251171743
2674,01383936,48301,1732230057,19981167,Loving County,Texas,3.09,1.14,2.86,1.46,3.5,1.79,102,47,0.0588836336073344,esri_demographics,2020/04/01 20:53:36+00,esri_demographics,2020/04/01 20:53:36+00,0.0271326547014188,2.15268745642629,0.166958174867055
2675,01383937,48303,2319602816,13205758,Lubbock County,Texas,2.58,0.03,2.7,0.05,2.43,0.06,301454,,129.959318000759,esri_demographics,2020/04/01 20:53:36+00,esri_demographics,2020/04/01 20:53:36+00,0,1.91232089255846,0.226630872911237
2676,01383938,48305,2309924850,4169718,Lynn County,Texas,2.7,0.12,2.8,0.15,2.47,0.26,5808,,2.51436751286519,esri_demographics,2020/04/01 20:53:36+00,esri_demographics,2020/04/01 20:53:36+00,0,1.90173350466224,0.223715431745057
2677,01383945,48307,2759893537,20286189,McCulloch County,Texas,2.44,0.14,2.44,0.18,2.43,0.36,8098,,2.93417115241428,esri_demographics,2020/04/01 20:53:36+00,esri_demographics,2020/04/01 20:53:36+00,0,2.44005682190917,0.263106358471523
2678,01383946,48309,2686132776,59883890,McLennan County,Texas,2.69,0.03,2.82,0.04,2.5,0.05,248429,,92.4857483664463,esri_demographics,2020/04/01 20:53:36+00,esri_demographics,2020/04/01 20:53:36+00,0,2.08919318505433,0.260833454370043
2679,01383947,48311,2952065878,43985814,McMullen County,Texas,2.97,0.68,2.9,0.81,3.15,0.91,662,193,0.224249738101542,esri_demographics,2020/04/01 20:53:36+00,esri_demographics,2020/04/01 20:53:36+00,0.0653779447939542,2.1155294557335,0.275747059339819
2680,01383939,48313,1207103453,16493254,Madison County,Texas,2.49,0.1,2.41,0.14,2.71,0.35,14128,,11.7040506883547,esri_demographics,2020/04/01 20:53:36+00,esri_demographics,2020/04/01 20:53:36+00,0,2.00123320803706,0.115518197490054
2681,01383940,48315,986485103,102144713,Marion County,Texas,2.24,0.12,2.17,0.13,2.48,0.33,10083,,10.2211376221867,esri_demographics,2020/04/01 20:53:36+00,esri_demographics,2020/04/01 20:53:36+00,0,2.02460111370155,0.10480096587434
2682,01383941,48317,2369724590,1931832,Martin County,Texas,3.41,0.18,3.2,0.27,4.11,0.77,5614,,2.3690516711058,esri_demographics,2020/04/01 20:53:36+00,esri_demographics,2020/04/01 20:53:36+00,0,1.91275929636596,0.227092583089369
2683,01383942,48319,2405674101,8755301,Mason County,Texas,2.49,0.21,2.64,0.27,2.12,0.34,4161,,1.72966072098891,esri_demographics,2020/04/01 20:53:36+00,esri_demographics,2020/04/01 20:53:36+00,0,1.92363434755533,0.227367257062891
2684,01383943,48321,2830586734,1345801267,Matagorda County,Texas,2.67,0.09,2.58,0.12,2.85,0.22,36743,,12.9807009828232,esri_demographics,2020/04/01 20:53:36+00,esri_demographics,2020/04/01 20:53:36+00,0,3.81824891956226,0.290283212786447
2685,01383944,48323,3313817728,31871315,Maverick County,Texas,3.54,0.08,3.72,0.13,3.18,0.22,57970,,17.4934183947971,esri_demographics,2020/04/01 20:53:36+00,esri_demographics,2020/04/01 20:53:36+00,0,2.82759689149539,0.308706923806779
2686,01383948,48325,3432663420,23762580,Medina County,Texas,3.03,0.08,3.03,0.09,2.99,0.24,49334,,14.3719304702469,esri_demographics,2020/04/01 20:53:36+00,esri_demographics,2020/04/01 20:53:36+00,0,2.49296316506494,0.321137742602419
2687,01383949,48327,2336237985,613559,Menard County,Texas,2.09,0.25,2.13,0.31,2.02,0.42,2123,,0.908725914753073,esri_demographics,2020/04/01 20:53:36+00,esri_demographics,2020/04/01 20:53:36+00,0,2.01735938083526,0.220448100989017
2688,01383950,48329,2331647563,4520751,Midland County,Texas,2.9,0.04,3.05,0.07,2.59,0.1,164194,,70.4197334989774,esri_demographics,2020/04/01 20:53:36+00,esri_demographics,2020/04/01 20:53:36+00,0,1.8938508210622,0.222648141158163
2689,01383951,48331,2633798227,12758772,Milam County,Texas,2.58,0.08,2.69,0.12,2.34,0.18,24664,,9.36442273639666,esri_demographics,2020/04/01 20:53:36+00,esri_demographics,2020/04/01 20:53:36+00,0,2.31739107154053,0.249400958886625
2690,01383952,48333,1937867068,4022957,Mills County,Texas,2.71,0.23,2.81,0.28,2.24,0.46,4902,,2.52958527493796,esri_demographics,2020/04/01 20:53:36+00,esri_demographics,2020/04/01 20:53:36+00,0,2.43714385023497,0.184341756836094
2691,01383953,48335,2359710929,12489775,Mitchell County,Texas,2.58,0.22,2.62,0.27,2.46,0.82,8558,,3.62671541451339,esri_demographics,2020/04/01 20:53:36+00,esri_demographics,2020/04/01 20:53:36+00,0,1.91344426280364,0.227145161016725
2692,01383954,48337,2411034605,19087361,Montague County,Texas,2.38,0.08,2.38,0.1,2.39,0.17,19409,,8.05007110215243,esri_demographics,2020/04/01 20:53:36+00,esri_demographics,2020/04/01 20:53:36+00,0,2.15341746056882,0.236261076614592
2693,01383955,48339,2700380211,88754575,Montgomery County,Texas,2.86,0.02,2.96,0.03,2.61,0.07,554445,,205.321086912675,esri_demographics,2020/04/01 20:53:36+00,esri_demographics,2020/04/01 20:53:36+00,0,2.68882859841577,0.261550303427689
2694,01383956,48341,2330207187,25699789,Moore County,Texas,3.26,0.12,3.29,0.22,3.22,0.32,21801,,9.35582042731036,esri_demographics,2020/04/01 20:53:36+00,esri_demographics,2020/04/01 20:53:36+00,0,1.95005257478186,0.235011820560861
2695,01383957,48343,652649200,17382278,Morris County,Texas,2.43,0.09,2.39,0.11,2.56,0.26,12424,,19.0362602145226,esri_demographics,2020/04/01 20:53:36+00,esri_demographics,2020/04/01 20:53:36+00,0,1.52078647313255,0.0647295192016691
2696,01383958,48345,2562963901,644140,Motley County,Texas,2.49,0.3,2.5,0.31,2.45,0.54,1156,128,0.4510402973483,esri_demographics,2020/04/01 20:53:36+00,esri_demographics,2020/04/01 20:53:36+00,0.049942178253099,2.00435779969122,0.250383563240087
2697,01383959,48347,2451572357,89731150,Nacogdoches County,Texas,2.52,0.05,2.6,0.07,2.4,0.11,65558,,26.7412054197836,esri_demographics,2020/04/01 20:53:36+00,esri_demographics,2020/04/01 20:53:36+00,0,4.07077283028289,0.241550213470778
2698,01383960,48349,2614935410,197626092,Navarro County,Texas,2.74,0.06,2.81,0.08,2.59,0.17,48583,,18.5790439848761,esri_demographics,2020/04/01 20:53:36+00,esri_demographics,2020/04/01 20:53:36+00,0,2.48704352273571,0.268559907817796
2699,01383961,48351,2418212542,15672146,Newton County,Texas,2.79,0.16,2.82,0.19,2.57,0.49,14057,,5.81297125701534,esri_demographics,2020/04/01 20:53:36+00,esri_demographics,2020/04/01 20:53:36+00,0,3.47201297344177,0.229361267410366
2700,01383962,48353,2362061743,5052159,Nolan County,Texas,2.68,0.1,2.61,0.13,2.84,0.27,14966,,6.33599017652774,esri_demographics,2020/04/01 20:53:36+00,esri_demographics,2020/04/01 20:53:36+00,0,1.90803812268238,0.226651393119067
2701,01383963,48355,2171227881,847257833,Nueces County,Texas,2.73,0.03,2.85,0.04,2.58,0.04,360486,,166.028634375297,esri_demographics,2020/04/01 20:53:36+00,esri_demographics,2020/04/01 20:53:36+00,0,4.75243706167265,0.205479762003562
2702,01383964,48357,2376792056,1331778,Ochiltree County,Texas,2.99,0.14,3.01,0.19,2.93,0.35,10348,,4.35376749677255,esri_demographics,2020/04/01 20:53:36+00,esri_demographics,2020/04/01 20:53:36+00,0,1.9638188812835,0.238536881073351
2703,01383965,48359,3886337113,2339716,Oldham County,Texas,2.83,0.28,2.88,0.3,2.67,0.64,2090,,0.537781447988349,esri_demographics,2020/04/01 20:53:36+00,esri_demographics,2020/04/01 20:53:36+00,0,2.63789243466278,0.385856255358809
2704,01383966,48361,864489137,118488361,Orange County,Texas,2.6,0.05,2.66,0.06,2.43,0.13,84047,,97.2215802406318,esri_demographics,2020/04/01 20:53:36+00,esri_demographics,2020/04/01 20:53:36+00,0,1.88619371052511,0.0920141412979212
2705,01383967,48363,2467090684,85364144,Palo Pinto County,Texas,2.72,0.09,2.66,0.12,2.87,0.19,28317,,11.4778918276682,esri_demographics,2020/04/01 20:53:36+00,esri_demographics,2020/04/01 20:53:36+00,0,2.01348693849439,0.245600907943053
2706,01383968,48365,2101400911,25810622,Panola County,Texas,2.61,0.09,2.59,0.12,2.66,0.23,23440,,11.1544636139163,esri_demographics,2020/04/01 20:53:36+00,esri_demographics,2020/04/01 20:53:36+00,0,2.05768764070434,0.203370561731636
2707,01383969,48367,2340006541,17127586,Parker County,Texas,2.9,0.05,2.92,0.05,2.8,0.13,129802,,55.470785113502,esri_demographics,2020/04/01 20:53:36+00,esri_demographics,2020/04/01 20:53:36+00,0,1.91255364047447,0.226867921977004
2708,01383970,48369,2281312144,11355762,Parmer County,Texas,2.95,0.1,2.99,0.16,2.85,0.27,9852,,4.31856728852797,esri_demographics,2020/04/01 20:53:36+00,esri_demographics,2020/04/01 20:53:36+00,0,1.90489115090815,0.225117415752551
2709,01383971,48371,12338274958,2532275,Pecos County,Texas,2.99,0.13,2.97,0.19,3.05,0.36,15797,,1.28032484717464,esri_demographics,2020/04/01 20:53:36+00,esri_demographics,2020/04/01 20:53:36+00,0,6.1543339304188,1.16289524274416
2710,01383972,48373,2737732841,136271618,Polk County,Texas,2.48,0.07,2.48,0.08,2.49,0.17,47837,,17.4732169931259,esri_demographics,2020/04/01 20:53:36+00,esri_demographics,2020/04/01 20:53:36+00,0,2.78418945124183,0.270852652665328
2711,01383973,48375,2352718728,35190087,Potter County,Texas,2.59,0.03,2.73,0.05,2.42,0.07,120899,,51.3869331514923,esri_demographics,2020/04/01 20:53:36+00,esri_demographics,2020/04/01 20:53:36+00,0,1.9587598440785,0.236930690015111
2712,01383974,48377,9985057438,1773188,Presidio County,Texas,2.71,0.19,2.9,0.3,2.49,0.4,7123,,0.713365951495892,esri_demographics,2020/04/01 20:53:36+00,esri_demographics,2020/04/01 20:53:36+00,0,4.92446519056203,0.932001142809622
2713,01383975,48379,594280569,76080003,Rains County,Texas,2.63,0.11,2.58,0.12,2.84,0.35,11473,,19.3056959935703,esri_demographics,2020/04/01 20:53:36+00,esri_demographics,2020/04/01 20:53:36+00,0,1.34774835994575,0.0645863849473736
2714,01383976,48381,2361876733,27235708,Randall County,Texas,2.65,0.04,2.73,0.04,2.45,0.09,132475,,56.0888712560936,esri_demographics,2020/04/01 20:53:36+00,esri_demographics,2020/04/01 20:53:36+00,0,1.95578348505546,0.235806184200126
2715,01383977,48383,3044049119,1792716,Reagan County,Texas,3.24,0.26,3.47,0.3,2.72,0.49,3752,,1.23256880993844,esri_demographics,2020/04/01 20:53:36+00,esri_demographics,2020/04/01 20:53:36+00,0,2.15333659399225,0.288749880168947
2716,01383978,48385,1810812871,2346260,Real County,Texas,2.67,0.32,2.37,0.33,3.98,0.97,3389,,1.87153518415653,esri_demographics,2020/04/01 20:53:36+00,esri_demographics,2020/04/01 20:53:36+00,0,1.87265392921667,0.169241670511743
2717,01383979,48387,2703626782,33305606,Red River County,Texas,2.39,0.12,2.4,0.14,2.38,0.31,12275,,4.54019766401323,esri_demographics,2020/04/01 20:53:36+00,esri_demographics,2020/04/01 20:53:36+00,0,3.46069037287039,0.265923189116448
2718,01383980,48389,6825534331,17396672,Reeves County,Texas,3.48,0.13,3.67,0.23,3.03,0.48,15125,,2.21594372931446,esri_demographics,2020/04/01 20:53:36+00,esri_demographics,2020/04/01 20:53:36+00,0,4.59337559565967,0.648431974470709
2719,01383981,48391,1995545559,123687613,Refugio County,Texas,2.74,0.14,2.8,0.19,2.6,0.29,7236,,3.6260760709598,esri_demographics,2020/04/01 20:53:36+00,esri_demographics,2020/04/01 20:53:36+00,0,3.09069008366554,0.18843906325558
2720,01383982,48393,2393298464,346846,Roberts County,Texas,2.85,0.33,2.75,0.37,3.14,0.9,885,125,0.369782546269164,esri_demographics,2020/04/01 20:53:36+00,esri_demographics,2020/04/01 20:53:36+00,0.0522291732018594,1.9672905792061,0.238778800584417
2721,01383983,48395,2214719307,26358041,Robertson County,Texas,2.63,0.1,2.7,0.12,2.4,0.22,16890,,7.62624859349727,esri_demographics,2020/04/01 20:53:36+00,esri_demographics,2020/04/01 20:53:36+00,0,2.54354570541394,0.211711560432619
2722,01383984,48397,329213365,56068892,Rockwall County,Texas,2.94,0.03,3.01,0.05,2.66,0.16,93642,,284.441672044511,esri_demographics,2020/04/01 20:53:36+00,esri_demographics,2020/04/01 20:53:36+00,0,0.77934373602943,0.0371315749842387
2723,01383985,48399,2722259321,15604788,Runnels County,Texas,2.69,0.13,2.65,0.11,2.78,0.26,10310,,3.78729532505107,esri_demographics,2020/04/01 20:53:36+00,esri_demographics,2020/04/01 20:53:36+00,0,2.03929013990101,0.260826295256683
2724,01383986,48401,2393244484,37217198,Rusk County,Texas,2.71,0.07,2.72,0.08,2.69,0.17,53595,,22.3942853972123,esri_demographics,2020/04/01 20:53:36+00,esri_demographics,2020/04/01 20:53:36+00,0,2.44499757193116,0.23222661331281
2725,01383987,48403,1273503789,219955687,Sabine County,Texas,2.53,0.17,2.55,0.2,2.36,0.38,10458,,8.21198970142993,esri_demographics,2020/04/01 20:53:36+00,esri_demographics,2020/04/01 20:53:36+00,0,2.03857236053343,0.14154767110058
2726,01383988,48405,1374395182,159644688,San Augustine County,Texas,2.41,0.16,2.44,0.18,2.29,0.36,8327,,6.05866501065776,esri_demographics,2020/04/01 20:53:36+00,esri_demographics,2020/04/01 20:53:36+00,0,2.57964581959173,0.145471355816083
2727,01383989,48407,1474332260,151949235,San Jacinto County,Texas,2.92,0.14,2.85,0.16,3.25,0.41,27819,,18.8688810214327,esri_demographics,2020/04/01 20:53:36+00,esri_demographics,2020/04/01 20:53:36+00,0,2.20085460305388,0.152932894972004
2728,01383990,48409,1795990945,37577389,San Patricio County,Texas,2.87,0.06,2.84,0.07,2.93,0.13,67046,,37.3309231801277,esri_demographics,2020/04/01 20:53:36+00,esri_demographics,2020/04/01 20:53:36+00,0,3.02524058093675,0.167994448334319
2729,01383991,48411,2940447164,8069104,San Saba County,Texas,2.5,0.14,2.4,0.17,2.68,0.33,5962,,2.02758276802011,esri_demographics,2020/04/01 20:53:36+00,esri_demographics,2020/04/01 20:53:36+00,0,3.1201319974551,0.278911024580151
2730,01383992,48413,3394546070,87401,Schleicher County,Texas,2.77,0.23,2.77,0.27,2.78,0.58,3061,,0.901740597086667,esri_demographics,2020/04/01 20:53:36+00,esri_demographics,2020/04/01 20:53:36+00,0,2.44558679227032,0.320259802428018
2731,01383993,48415,2345090483,5436957,Scurry County,Texas,2.61,0.11,2.68,0.13,2.36,0.36,17239,,7.35110228154041,esri_demographics,2020/04/01 20:53:36+00,esri_demographics,2020/04/01 20:53:36+00,0,1.90627656926895,0.226153933413965
2732,01383994,48417,2367989254,3268209,Shackelford County,Texas,2.66,0.2,2.5,0.19,3.31,0.73,3311,,1.39823269654078,esri_demographics,2020/04/01 20:53:36+00,esri_demographics,2020/04/01 20:53:36+00,0,1.9170080393505,0.228122505155215
2733,01383995,48419,2060566173,101081674,Shelby County,Texas,2.72,0.08,2.77,0.11,2.59,0.21,25478,,12.3645628729828,esri_demographics,2020/04/01 20:53:36+00,esri_demographics,2020/04/01 20:53:36+00,0,2.68141276500736,0.205847399418417
2734,01383996,48421,2390651137,428754,Sherman County,Texas,2.87,0.19,2.86,0.22,2.88,0.47,3058,,1.27914941359342,esri_demographics,2020/04/01 20:53:36+00,esri_demographics,2020/04/01 20:53:36+00,0,1.9676641157387,0.239834383605306
2735,01383997,48423,2386603414,73164513,Smith County,Texas,2.85,0.04,2.91,0.04,2.72,0.08,225015,,94.2825266569404,esri_demographics,2020/04/01 20:53:36+00,esri_demographics,2020/04/01 20:53:36+00,0,2.92179168924434,0.235705821231576
2736,01383998,48425,482938555,14221311,Somervell County,Texas,2.6,0.18,2.61,0.24,2.59,0.32,8743,,18.1037523500272,esri_demographics,2020/04/01 20:53:36+00,esri_demographics,2020/04/01 20:53:36+00,0,0.913205767778339,0.0475612599036843
2737,01383999,48427,3168019238,15346371,Starr County,Texas,3.9,0.11,3.98,0.14,3.67,0.27,63894,,20.1684381311828,esri_demographics,2020/04/01 20:53:36+00,esri_demographics,2020/04/01 20:53:36+00,0,2.49610416933978,0.287557308119384
2738,01384000,48429,2322497227,64147707,Stephens County,Texas,2.72,0.16,2.77,0.18,2.51,0.44,9372,,4.03531159953458,esri_demographics,2020/04/01 20:53:36+00,esri_demographics,2020/04/01 20:53:36+00,0,1.92179203771332,0.229602561018503
2739,01384001,48431,2391722770,167451,Sterling County,Texas,2.39,0.29,2.35,0.29,2.59,1.03,1141,137,0.477061979888246,esri_demographics,2020/04/01 20:53:36+00,esri_demographics,2020/04/01 20:53:36+00,0.0572808862793074,1.94656373378969,0.227858930815978
2740,01384002,48433,2373238700,10177387,Stonewall County,Texas,2.29,0.29,2.5,0.33,1.65,0.6,1385,118,0.583590685589275,esri_demographics,2020/04/01 20:53:36+00,esri_demographics,2020/04/01 20:53:36+00,0.0497210836819743,1.92946931844055,0.230423070307808
2741,01384003,48435,3765674778,1277066,Sutton County,Texas,2.59,0.23,2.83,0.36,2.09,0.33,3865,,1.0263764737678,esri_demographics,2020/04/01 20:53:36+00,esri_demographics,2020/04/01 20:53:36+00,0,2.52709480522305,0.353947498585574
2742,01384004,48437,2305502704,27277988,Swisher County,Texas,2.71,0.13,2.68,0.17,2.77,0.27,7484,,3.24614670241567,esri_demographics,2020/04/01 20:53:36+00,esri_demographics,2020/04/01 20:53:36+00,0,1.92380178437659,0.229057315305868
2743,01384005,48439,2236833515,100104623,Tarrant County,Texas,2.86,0.03,3.01,0.02,2.62,0.02,2019977,,903.05200921491,esri_demographics,2020/04/01 20:53:36+00,esri_demographics,2020/04/01 20:53:36+00,0,1.90656835127677,0.224908986746412
2744,01384006,48441,2371228263,9760311,Taylor County,Texas,2.62,0.04,2.64,0.05,2.58,0.06,136348,,57.5010015389649,esri_demographics,2020/04/01 20:53:36+00,esri_demographics,2020/04/01 20:53:36+00,0,1.91731762690743,0.227974859838498
2745,01384007,48443,6107235409,105866,Terrell County,Texas,2.18,0.44,2.23,0.53,1.91,0.61,862,187,0.141144059835929,esri_demographics,2020/04/01 20:53:36+00,esri_demographics,2020/04/01 20:53:36+00,0.0306194190131308,3.78937787119445,0.571598243272022
2746,01384008,48445,2302083289,5443860,Terry County,Texas,2.85,0.15,2.88,0.2,2.8,0.36,12615,,5.4798191100548,esri_demographics,2020/04/01 20:53:36+00,esri_demographics,2020/04/01 20:53:36+00,0,1.89807701577963,0.223073061998261
2747,01384009,48447,2363499444,7586186,Throckmorton County,Texas,2.21,0.19,2.21,0.18,2.22,0.43,1567,153,0.662999944416319,esri_demographics,2020/04/01 20:53:36+00,esri_demographics,2020/04/01 20:53:36+00,0.0647345191421166,1.92162738834843,0.229226775540356
2748,01384010,48449,1051683621,50727817,Titus County,Texas,3.04,0.07,3.12,0.1,2.88,0.16,32730,,31.1215268037344,esri_demographics,2020/04/01 20:53:36+00,esri_demographics,2020/04/01 20:53:36+00,0,1.96823853290345,0.106623229131345
2749,01384011,48451,3941965407,48077315,Tom Green County,Texas,2.58,0.04,2.69,0.07,2.41,0.1,117466,,29.7988409008887,esri_demographics,2020/04/01 20:53:36+00,esri_demographics,2020/04/01 20:53:36+00,0,3.51213723710327,0.378412240598482
2750,01384012,48453,2568875749,80789808,Travis County,Texas,2.57,0.01,2.79,0.02,2.33,0.02,1203166,,468.362862808123,esri_demographics,2020/04/01 20:53:36+00,esri_demographics,2020/04/01 20:53:36+00,0,2.47073487388219,0.248557301089432
2751,01384013,48455,1796924651,52256860,Trinity County,Texas,2.44,0.12,2.31,0.12,2.95,0.41,14569,,8.1077411854149,esri_demographics,2020/04/01 20:53:36+00,esri_demographics,2020/04/01 20:53:36+00,0,2.23838289335696,0.174800736441909
2752,01384014,48457,2394158698,29093507,Tyler County,Texas,2.67,0.13,2.68,0.14,2.67,0.38,21496,,8.97851926773152,esri_demographics,2020/04/01 20:53:36+00,esri_demographics,2020/04/01 20:53:36+00,0,2.65735540185379,0.228322575593841
2753,01384015,48459,1509910100,24878888,Upshur County,Texas,2.87,0.07,2.84,0.09,2.97,0.24,40769,,27.0009452880672,esri_demographics,2020/04/01 20:53:36+00,esri_demographics,2020/04/01 20:53:36+00,0,1.81979490686747,0.147651905047796
2754,01384016,48461,3215010600,464309,Upton County,Texas,2.74,0.17,2.75,0.2,2.7,0.44,3634,,1.13032286736473,esri_demographics,2020/04/01 20:53:36+00,esri_demographics,2020/04/01 20:53:36+00,0,2.20481555201135,0.304839262965466
2755,01384017,48463,4019455749,17385902,Uvalde County,Texas,3.05,0.1,3.05,0.15,3.06,0.28,27009,,6.71956645043787,esri_demographics,2020/04/01 20:53:36+00,esri_demographics,2020/04/01 20:53:36+00,0,2.4715810912512,0.375070315376588
2756,01384018,48465,8144863664,227711337,Val Verde County,Texas,3.07,0.09,3.25,0.12,2.74,0.14,49027,,6.01937638523006,esri_demographics,2020/04/01 20:53:36+00,esri_demographics,2020/04/01 20:53:36+00,0,4.34245468307248,0.780796780919507
2757,01384019,48467,2182235201,44164928,Van Zandt County,Texas,2.74,0.06,2.75,0.08,2.7,0.14,54368,,24.9139047775813,esri_demographics,2020/04/01 20:53:36+00,esri_demographics,2020/04/01 20:53:36+00,0,2.42307565311836,0.213782409209234
2758,01384020,48469,2284644914,17425944,Victoria County,Texas,2.79,0.05,2.83,0.06,2.7,0.12,91970,,40.2557086383184,esri_demographics,2020/04/01 20:53:36+00,esri_demographics,2020/04/01 20:53:36+00,0,2.77584462665332,0.212745564978673
2759,01384021,48471,2031124895,44747190,Walker County,Texas,2.47,0.05,2.63,0.1,2.3,0.11,71539,,35.2213692895532,esri_demographics,2020/04/01 20:53:36+00,esri_demographics,2020/04/01 20:53:36+00,0,2.15488867308039,0.195527613906957
2760,01384022,48473,1329535449,11622558,Waller County,Texas,3.07,0.07,3.11,0.09,2.98,0.2,49987,,37.5973427693089,esri_demographics,2020/04/01 20:53:36+00,esri_demographics,2020/04/01 20:53:36+00,0,2.46682659645212,0.125405631912504
2761,01384023,48475,2164201063,624206,Ward County,Texas,2.9,0.11,2.98,0.16,2.71,0.3,11586,,5.35347671622505,esri_demographics,2020/04/01 20:53:36+00,esri_demographics,2020/04/01 20:53:36+00,0,2.96230547085174,0.205535356244055
2762,01384024,48477,1564829004,45497797,Washington County,Texas,2.62,0.08,2.57,0.1,2.77,0.24,34796,,22.2362954105879,esri_demographics,2020/04/01 20:53:36+00,esri_demographics,2020/04/01 20:53:36+00,0,2.600102889483,0.150878658040194
2763,01384025,48479,8706186712,36555086,Webb County,Texas,3.65,0.03,3.74,0.05,3.49,0.08,272053,,31.248238637591,esri_demographics,2020/04/01 20:53:36+00,esri_demographics,2020/04/01 20:53:36+00,0,4.74866496348423,0.800116340113629
2764,01384026,48481,2813117310,21287759,Wharton County,Texas,2.69,0.06,2.73,0.08,2.6,0.17,41551,,14.7704469530281,esri_demographics,2020/04/01 20:53:36+00,esri_demographics,2020/04/01 20:53:36+00,0,2.48983891166183,0.263148807070268
2765,01384027,48483,2368603579,2481258,Wheeler County,Texas,2.4,0.1,2.33,0.13,2.53,0.24,5482,,2.31444385569764,esri_demographics,2020/04/01 20:53:36+00,esri_demographics,2020/04/01 20:53:36+00,0,1.95219077580291,0.235261455372819
2766,01384028,48485,1625459958,13644096,Wichita County,Texas,2.43,0.04,2.49,0.06,2.33,0.07,131818,,81.0958149730072,esri_demographics,2020/04/01 20:53:36+00,esri_demographics,2020/04/01 20:53:36+00,0,1.85390312249801,0.159929108059705
2767,01384029,48487,2514738099,18202665,Wilbarger County,Texas,2.33,0.09,2.38,0.13,2.23,0.24,12906,,5.13214477687841,esri_demographics,2020/04/01 20:53:36+00,esri_demographics,2020/04/01 20:53:36+00,0,2.49341577518131,0.247407557694343
2768,01384030,48489,1529622790,501704013,Willacy County,Texas,3.48,0.11,3.62,0.15,3.08,0.3,21754,,14.2218069331982,esri_demographics,2020/04/01 20:53:36+00,esri_demographics,2020/04/01 20:53:36+00,0,2.33808079393769,0.14436185883008
2769,01384031,48491,2896482213,41627400,Williamson County,Texas,2.99,0.02,3.12,0.03,2.7,0.05,527057,,181.964521526996,esri_demographics,2020/04/01 20:53:36+00,esri_demographics,2020/04/01 20:53:36+00,0,2.48611324696674,0.276486529688887
2770,01384032,48493,2081662854,12111365,Wilson County,Texas,3.01,0.04,3.06,0.06,2.78,0.19,48198,,23.1536052571556,esri_demographics,2020/04/01 20:53:36+00,esri_demographics,2020/04/01 20:53:36+00,0,1.92324862574415,0.194194685766701
2771,01384033,48495,2178876162,19838,Winkler County,Texas,2.99,0.15,2.95,0.16,3.19,0.58,7802,,3.58074503547669,esri_demographics,2020/04/01 20:53:36+00,esri_demographics,2020/04/01 20:53:36+00,0,1.92635721633604,0.207616833484923
2772,01384034,48497,2342369004,47038990,Wise County,Texas,2.88,0.05,2.86,0.05,2.97,0.15,64639,,27.59556666333,esri_demographics,2020/04/01 20:53:36+00,esri_demographics,2020/04/01 20:53:36+00,0,1.93497707143802,0.231097575288538
2773,01384035,48499,1671177481,130725856,Wood County,Texas,2.56,0.07,2.58,0.09,2.48,0.19,43815,,26.2180411704578,esri_demographics,2020/04/01 20:53:36+00,esri_demographics,2020/04/01 20:53:36+00,0,2.23510325751178,0.173445021501738
2774,01384036,48501,2071252477,34329,Yoakum County,Texas,3.2,0.17,3.31,0.26,2.81,0.77,8571,,4.13807592033117,esri_demographics,2020/04/01 20:53:36+00,esri_demographics,2020/04/01 20:53:36+00,0,1.7908245757215,0.2002333247435
2775,01384037,48503,2368538309,42373290,Young County,Texas,2.51,0.09,2.51,0.11,2.52,0.26,18114,,7.64775470642388,esri_demographics,2020/04/01 20:53:36+00,esri_demographics,2020/04/01 20:53:36+00,0,1.94187850902932,0.233074939637153
2776,01384038,48505,2585876219,154370982,Zapata County,Texas,3.25,0.19,3.28,0.22,3.19,0.45,14369,,5.55672382708122,esri_demographics,2020/04/01 20:53:36+00,esri_demographics,2020/04/01 20:53:36+00,0,2.24461781924836,0.249075446830665
2777,01384039,48507,3360268880,11208707,Zavala County,Texas,3.4,0.14,3.4,0.21,3.39,0.47,12131,,3.6101277704896,esri_demographics,2020/04/01 20:53:36+00,esri_demographics,2020/04/01 20:53:36+00,0,2.2936453934119,0.311788602581453
