OBJECTID,GEO_ID,GEO_NAME,GEO_PARENT_NAME,FIPS_CODE,B27010_004E,B27010_004M,B27010_020E,B27010_020M,B27010_036E,B27010_036M,B27010_053E,B27010_053M,B27010_005E,B27010_005M,B27010_021E,B27010_021M,B27010_037E,B27010_037M,B27010_054E,B27010_054M,B27010_006E,B27010_006M,B27010_022E,B27010_022M,B27010_038E,B27010_038M,B27010_055E,B27010_055M,B27010_007E,B27010_007M,B27010_023E,B27010_023M,B27010_039E,B27010_039M,MEDICAID65_CALC,B27010_008E,B27010_008M,B27010_024E,B27010_024M,B27010_040E,B27010_040M,B27010_056E,B27010_056M,B27010_009E,B27010_009M,B27010_025E,B27010_025M,B27010_041E,B27010_041M,B27010_057E,B27010_057M,B27010_010E,B27010_010M,B27010_026E,B27010_026M,B27010_042E,B27010_042M,B27010_058E,B27010_058M,B27010_017E,B27010_017M,B27010_033E,B27010_033M,B27010_050E,B27010_050M,B27010_066E,B27010_066M,DP03_0095E,DP03_0095M,DP03_0096E,DP03_0096M,DP03_0097E,DP03_0097M,DP03_0098E,DP03_0098M,DP03_0099E,DP03_0099M,DP03_0100E,DP03_0100M,DP03_0101E,DP03_0101M,DP03_0099PE,DP03_0099PM
2523,0500000US48001,Anderson County,Texas,48001,5130,624,4428,465,9727,644,123,64,269,118,257,106,1018,270,33,52,48,59,0,31,835,302,2236,301,5096,655,624,243,684,205,,17,23,81,64,182,111,0,31,0,31,65,48,189,147,30,27,321,180,366,168,1354,266,5003,338,904,252,2339,421,2989,534,5,8,44353,453,38116,869,27169,1160,16504,795,6237,771,11785,181,904,252,14.1,1.7
2524,0500000US48003,Andrews County,Texas,48003,2783,452,2249,275,3954,308,86,62,185,96,270,130,262,114,0,21,0,21,0,21,64,62,624,146,1747,444,232,147,138,76,,0,21,0,21,0,21,0,21,0,21,0,21,37,44,4,7,122,70,225,105,477,201,1037,126,1076,411,999,230,1154,295,0,21,17725,40,14496,618,11313,804,4332,530,3229,618,5913,173,1076,411,18.2,3.5
2525,0500000US48005,Angelina County,Texas,48005,8145,695,7838,516,14860,849,94,65,1160,237,873,220,2838,378,60,52,22,24,43,57,1025,243,3707,363,10410,789,1464,266,2287,445,,87,80,50,67,69,48,0,31,0,31,194,148,201,128,0,31,859,276,1071,325,2991,427,8679,395,3161,589,5908,555,7203,657,158,93,85457,256,69027,1197,46576,1519,31836,1111,16430,1184,23844,167,3161,589,19.2,1.4
2526,0500000US48007,Aransas County,Texas,48007,1504,631,1093,299,3890,459,83,62,253,158,285,171,1311,319,4,7,0,25,52,70,359,185,1757,370,2320,649,269,160,263,148,,57,91,1,4,146,85,0,25,0,25,0,25,94,71,0,25,49,59,142,92,903,264,4550,416,855,416,1687,308,2461,428,0,25,24388,169,19385,854,13508,1197,10606,842,5003,811,5038,206,855,416,20.5,3.4
2527,0500000US48009,Archer County,Texas,48009,1256,134,803,107,2069,157,31,23,112,38,185,92,332,99,15,18,0,19,2,3,106,47,399,88,467,143,75,46,100,53,,26,25,1,4,80,40,0,19,0,19,0,19,1,4,0,19,38,25,88,43,327,99,1214,109,116,55,301,86,574,131,5,9,8723,59,7727,202,6429,313,2718,192,996,189,2015,40,116,55,11.4,2.2
2528,0500000US48011,Armstrong County,Texas,48011,254,64,182,37,476,79,5,4,23,20,31,31,102,37,0,13,0,13,0,13,32,33,144,39,99,60,2,5,6,9,,7,9,0,13,0,13,0,13,9,13,0,13,9,14,0,13,17,17,18,15,86,38,210,41,0,13,49,28,92,47,0,13,1853,133,1712,115,1378,124,585,93,141,53,409,60,0,13,7.6,2.6
2529,0500000US48013,Atascosa County,Texas,48013,6131,764,4714,578,8975,549,74,60,727,290,523,260,1342,317,23,37,14,24,12,20,310,121,1938,262,4848,677,970,364,1168,297,,418,212,215,161,447,209,0,28,0,28,11,21,220,164,0,28,829,273,530,182,1812,356,4481,279,1234,473,3007,562,3319,534,105,88,48397,156,40732,1015,30168,1356,15883,1134,7665,1010,14201,171,1234,473,15.8,2.1
2530,0500000US48015,Austin County,Texas,48015,4138,419,2934,322,6789,489,147,87,570,215,480,196,1259,262,0,25,7,11,5,8,201,101,1653,230,2101,356,345,168,264,116,,0,25,11,12,130,80,6,8,0,25,31,49,100,143,0,25,203,91,188,92,799,185,3388,265,415,167,1248,284,1850,349,36,35,29298,127,25749,520,20393,763,8863,549,3549,517,7434,119,415,167,12.1,1.8
2531,0500000US48017,Bailey County,Texas,48017,543,285,516,203,1389,219,0,19,145,136,54,67,165,116,0,19,0,19,0,19,0,19,258,113,1085,340,202,129,58,94,,0,19,0,19,0,19,0,19,0,19,0,19,0,19,0,19,62,64,99,80,209,147,689,155,202,186,630,232,589,249,0,19,6895,80,5474,442,3638,592,2624,424,1421,427,2037,161,202,186,20.6,6.2
2532,0500000US48019,Bandera County,Texas,48019,1438,272,1166,284,4022,466,26,23,332,166,297,148,1042,231,44,59,0,25,0,25,245,146,1178,228,1094,269,132,126,198,96,,101,92,28,48,254,119,15,26,0,25,51,63,214,159,0,25,476,239,316,187,840,257,4260,274,508,211,1037,276,2266,421,4,6,21584,122,17769,572,13852,775,8464,520,3815,573,3949,169,508,211,17.7,2.6
2533,0500000US48021,Bastrop County,Texas,48021,9797,1052,7098,746,17243,929,258,125,997,343,969,336,2896,468,23,36,23,42,147,98,594,247,2325,401,7580,1000,848,294,1310,360,,502,273,102,95,413,221,0,31,0,31,41,49,206,122,0,31,816,323,913,244,3597,541,8622,416,2474,583,4794,688,5830,583,43,52,80461,308,67320,1229,52501,1830,25824,1374,13141,1197,22189,178,2474,583,16.3,1.5
2534,0500000US48023,Baylor County,Texas,48023,358,158,181,66,568,147,26,25,110,72,143,71,232,98,9,14,0,13,0,13,58,39,164,68,207,94,49,40,56,49,,0,13,0,13,0,13,0,13,0,13,0,13,33,44,0,13,80,107,16,21,162,93,606,95,59,73,128,64,272,106,0,13,3517,93,3058,166,2385,240,1282,185,459,147,814,84,59,73,13.1,4.2
2535,0500000US48025,Bee County,Texas,48025,2560,484,2451,373,3718,407,94,73,267,119,410,161,526,159,0,28,5,9,0,28,239,87,1068,201,3179,493,481,200,662,230,,129,184,188,213,75,41,0,28,0,28,29,36,90,77,0,28,330,151,314,175,770,203,2474,199,747,292,1984,407,2174,369,97,84,25061,321,20059,701,13592,996,9245,735,5002,663,7217,88,747,292,20,2.6
2536,0500000US48027,Bell County,Texas,48027,31215,1774,30661,1511,43594,1546,593,185,3827,718,4233,551,6324,661,163,108,222,126,152,89,1803,304,7098,531,29007,2057,5060,651,4225,555,,17981,1537,10350,984,11863,939,164,101,64,74,1351,300,2735,508,3,5,12590,1220,11139,974,21612,1057,25703,623,4790,638,16195,1247,16541,1083,300,134,321558,1151,283732,2264,225691,3860,101779,2786,37826,2022,99696,388,4790,638,11.8,0.6
2537,0500000US48029,Bexar County,Texas,48029,200754,3305,227683,3187,352574,4018,5394,584,24482,1347,36220,1725,50695,1841,1190,316,856,319,1270,295,14244,992,64553,1793,195411,2963,30313,1328,35137,1630,,26685,1557,12801,953,23123,1120,469,186,226,108,2598,475,6787,669,378,144,35658,2330,32486,1531,83527,2167,143397,2043,41478,1873,121413,2564,120178,3160,3830,536,1895810,1372,1608911,4899,1205586,7055,592223,5431,286899,4986,525550,1069,41478,1873,15.1,0.3
2538,0500000US48031,Blanco County,Texas,48031,1035,208,688,162,2620,307,37,54,60,56,177,104,553,167,6,13,0,21,0,21,106,73,704,203,476,175,91,75,57,55,,115,132,65,73,68,51,0,21,0,21,12,21,27,30,7,14,57,68,0,21,341,182,1861,229,400,168,491,124,1122,231,0,21,11176,99,9163,368,7531,440,3669,337,2013,343,2143,70,400,168,18,3.1
2539,0500000US48033,Borden County,Texas,48033,111,51,67,47,131,39,0,13,31,27,23,23,25,15,0,13,0,13,0,13,0,13,60,32,26,22,14,17,8,7,,0,13,0,13,1,2,0,13,0,13,0,13,0,13,0,13,2,4,9,12,13,14,113,30,9,12,0,13,22,19,0,13,665,119,634,115,526,103,226,61,31,20,179,58,9,12,4.7,2.9
2540,0500000US48035,Bosque County,Texas,48035,1645,269,1261,146,3549,251,49,41,205,86,186,61,698,137,116,91,4,7,20,20,232,82,979,175,1470,230,232,81,240,76,,47,52,15,18,32,27,0,21,0,21,9,14,17,14,3,5,68,35,81,34,475,113,2961,200,637,153,962,132,1557,198,26,20,17776,115,14594,327,10791,500,6652,294,3182,305,4076,49,637,153,17.9,1.7
2541,0500000US48037,Bowie County,Texas,48037,9896,791,8851,602,19285,811,375,171,1080,392,740,232,1685,342,26,30,28,36,110,79,922,232,4286,428,9238,832,1412,372,1748,334,,199,117,164,127,302,136,10,15,0,31,171,155,324,145,6,9,932,333,858,255,3337,495,9545,501,1837,471,5246,671,5734,616,41,37,88388,421,75530,1157,54941,1497,31804,1188,12858,1162,23210,163,1837,471,14.5,1.3
2542,0500000US48039,Brazoria County,Texas,48039,59156,1669,43972,1598,88223,2090,961,281,6086,1216,5552,776,11276,1088,159,142,232,151,215,143,2149,415,12533,882,19760,1440,3013,588,2811,390,,314,193,287,166,565,241,0,31,0,31,231,111,511,156,3,5,3134,576,2965,661,8776,900,23780,1005,9807,1138,15865,1325,19127,1327,1178,313,342641,721,296664,2659,249624,3203,74395,2480,45977,2530,98489,332,9807,1138,13.4,0.7
2543,0500000US48041,Brazos County,Texas,48041,24857,1181,51406,1421,36391,1117,524,171,3864,705,11853,1075,5415,676,84,60,120,118,93,61,698,192,3965,442,14610,1071,2129,425,1983,382,,677,255,1029,282,588,183,12,19,0,31,295,165,305,169,2,4,2347,575,5301,829,4813,522,13445,472,4803,728,13533,826,9464,990,337,186,214943,507,186806,1615,160590,1943,43733,1603,28137,1700,51278,476,4803,728,13.1,0.8
2544,0500000US48043,Brewster County,Texas,48043,918,207,792,156,1823,284,155,96,194,122,288,135,321,140,0,19,0,19,5,8,73,56,479,173,463,137,101,71,171,116,,0,19,0,19,16,19,0,19,0,19,0,19,25,25,0,19,90,64,127,72,246,105,1308,193,162,83,474,126,877,219,23,23,9131,64,7595,315,6095,469,2889,316,1536,307,1827,71,162,83,16.8,3.4
2545,0500000US48045,Briscoe County,Texas,48045,107,38,134,47,297,62,0,13,4,7,32,31,72,28,2,3,0,13,0,13,5,6,63,24,136,47,5,6,3,4,,14,22,0,13,2,4,0,13,0,13,0,13,7,10,0,13,1,2,0,13,25,12,299,56,35,23,132,40,171,52,0,13,1546,128,1208,117,938,99,539,71,338,79,297,56,35,23,21.9,4.6
2546,0500000US48047,Brooks County,Texas,48047,445,168,525,216,833,171,0,19,20,24,64,67,122,68,0,19,0,19,0,19,67,51,295,96,1327,204,261,145,115,72,,0,19,0,19,15,27,0,19,0,19,0,19,0,19,0,19,10,17,102,66,199,108,785,171,107,70,650,212,663,186,33,33,6638,242,5185,358,2656,425,3129,315,1453,338,1909,209,107,70,21.9,4.9
2547,0500000US48049,Brown County,Texas,48049,3862,362,3411,334,7963,377,89,50,566,192,478,199,890,177,10,16,0,28,43,40,165,68,1803,228,3549,434,649,189,656,187,,14,20,23,34,84,56,0,28,0,28,31,29,156,106,25,39,561,246,385,135,1401,212,4906,236,493,169,2080,286,2460,340,20,19,36773,287,31720,592,23282,866,13893,663,5053,586,9045,145,493,169,13.7,1.6
2548,0500000US48051,Burleson County,Texas,48051,1691,353,1407,219,3808,343,70,43,109,91,182,94,481,157,0,21,0,21,100,105,171,83,881,173,1364,348,277,139,223,82,,90,120,30,31,79,61,0,21,0,21,79,85,52,47,0,21,403,147,193,91,509,143,2543,206,588,260,918,239,1428,316,16,18,17692,101,14742,473,11094,656,6344,464,2950,449,4245,109,588,260,16.7,2.6
2549,0500000US48053,Burnet County,Texas,48053,4741,745,3494,422,9262,734,98,57,939,468,644,236,2184,474,14,21,25,37,20,29,373,164,2535,430,3318,683,340,174,689,285,,43,42,28,72,143,85,0,28,12,20,25,37,132,79,0,28,238,121,349,165,1621,377,7117,414,1136,364,2506,436,3195,568,25,58,45246,213,38384,1046,29864,1648,16358,925,6862,1028,10452,224,1136,364,15.2,2.3
2550,0500000US48055,Caldwell County,Texas,48055,3476,477,3585,474,7682,523,105,66,584,255,890,266,1218,295,2,3,65,61,9,11,401,151,1652,247,4813,543,570,189,478,162,,110,91,102,90,111,77,0,28,0,28,0,28,40,39,0,28,183,97,229,87,1251,215,3461,265,1342,349,3479,446,3506,478,76,107,39420,350,31017,882,21963,1027,12887,729,8403,870,10573,228,1342,349,21.3,2.2
2551,0500000US48057,Calhoun County,Texas,48057,2411,327,2169,273,4810,383,135,82,182,102,107,79,487,170,52,40,0,25,0,25,87,59,887,170,2138,359,381,165,320,127,,31,47,0,25,26,33,0,25,0,25,0,25,37,32,0,25,150,91,118,76,514,156,2450,236,836,259,1581,313,1675,335,0,25,21584,128,17492,607,12854,599,6878,511,4092,603,5748,110,836,259,19,2.8
2552,0500000US48059,Callahan County,Texas,48059,1398,256,991,192,2481,239,31,26,299,166,129,75,720,188,0,21,0,21,0,21,94,50,600,128,990,192,176,69,169,68,,72,61,7,12,34,27,7,11,0,21,5,13,35,31,0,21,192,102,112,66,570,110,2039,143,472,196,800,157,1247,195,14,23,13684,21,11151,380,8738,467,4562,284,2533,376,3423,141,472,196,18.5,2.8
2553,0500000US48061,Cameron County,Texas,48061,28888,1846,29639,1408,55771,1683,936,236,3942,602,3908,593,10127,792,401,144,692,263,415,187,3010,543,19050,975,79645,2137,7435,710,8276,793,,311,146,297,146,469,182,5,8,66,76,208,109,984,283,114,78,3839,565,2258,367,8192,624,30815,1072,21257,1627,43991,1619,52777,1579,1872,371,419590,336,299693,3263,159381,3914,161742,2942,119897,3222,138640,544,21257,1627,28.6,0.8
2554,0500000US48063,Camp County,Texas,48063,1559,349,1159,199,2396,225,33,29,96,82,90,74,330,121,12,17,0,21,0,21,185,88,650,162,1416,309,224,101,310,107,,27,45,10,16,27,30,0,21,0,21,14,23,1,2,0,21,127,93,37,36,403,122,1533,164,294,146,812,166,987,188,28,27,12760,72,10639,349,7583,538,4746,446,2121,347,3519,79,294,146,16.6,2.7
2555,0500000US48065,Carson County,Texas,48065,1078,153,674,125,1554,127,78,46,147,75,75,50,220,77,0,19,0,19,0,19,49,28,266,70,236,93,39,29,9,10,,0,19,0,19,15,19,0,19,0,19,1,6,9,10,0,19,39,34,16,27,106,49,708,86,111,60,275,98,298,98,0,19,6003,26,5319,169,4596,252,1437,146,684,174,1611,44,111,60,11.4,2.9
2556,0500000US48067,Cass County,Texas,48067,2543,391,2124,315,5568,501,178,141,580,232,488,190,1418,348,21,30,0,28,36,57,353,133,1659,250,3228,479,548,156,683,190,,37,32,32,47,44,37,0,28,4,6,15,17,99,47,55,72,81,48,68,39,1032,218,4218,297,723,232,1534,287,2267,354,55,60,29691,118,25112,564,17684,939,11986,676,4579,534,7196,105,723,232,15.4,1.8
2557,0500000US48069,Castro County,Texas,48069,442,126,590,162,1061,159,34,33,202,98,53,29,326,118,0,19,0,19,7,11,42,35,298,116,1265,181,117,78,107,51,,28,46,0,19,13,24,0,19,0,19,0,19,32,32,0,19,106,69,8,12,195,103,761,138,407,209,603,126,991,181,8,12,7696,95,5687,332,3649,330,2893,284,2009,320,2450,83,407,209,26.1,4.2
2558,0500000US48071,Chambers County,Texas,48071,6265,830,4236,533,10389,698,153,108,1043,389,853,372,1133,467,0,28,0,28,21,25,208,94,1474,233,2965,668,655,200,372,173,,55,57,33,41,214,185,0,28,24,28,0,28,41,43,0,28,329,308,336,228,900,231,2658,253,1054,436,2039,438,2547,526,79,98,40076,98,34357,1117,28005,1293,9562,948,5719,1090,11735,175,1054,436,14.3,2.7
2559,0500000US48073,Cherokee County,Texas,48073,4395,623,4158,408,8379,528,191,112,458,188,449,148,1445,253,7,11,3,10,44,48,443,135,2025,277,6794,735,636,190,908,276,,113,115,93,80,77,66,0,31,0,31,50,53,75,50,5,7,1056,393,457,176,1763,329,6010,302,1396,414,3092,362,4616,493,170,89,49308,246,40034,899,27340,1268,19786,936,9274,845,14215,229,1396,414,18.8,1.7
2560,0500000US48075,Childress County,Texas,48075,1029,219,730,229,933,227,0,19,30,30,97,98,89,71,0,19,0,19,0,19,51,56,191,99,249,133,187,155,96,83,,0,19,0,19,0,19,0,19,0,19,0,19,56,73,0,19,94,77,152,155,163,73,663,155,51,42,405,265,539,177,0,19,5805,331,4810,406,3865,372,1841,307,995,325,1453,202,51,42,17.1,5.4
2561,0500000US48077,Clay County,Texas,48077,1021,191,700,113,2170,192,19,17,122,45,128,63,456,105,0,21,0,21,0,21,79,39,574,94,729,177,133,69,377,132,,3,5,0,21,15,13,0,21,21,33,0,21,14,16,0,21,105,75,114,55,480,140,1625,110,264,103,525,109,603,113,44,35,10321,32,8885,241,6666,355,3970,292,1436,236,2265,32,264,103,13.9,2.3
2562,0500000US48079,Cochran County,Texas,48079,164,52,206,57,459,51,0,13,49,34,54,35,78,39,0,13,0,13,6,9,29,27,164,37,401,78,50,34,44,24,,0,13,0,13,4,6,0,13,0,13,0,13,7,5,0,13,5,10,13,11,68,30,272,40,241,76,272,65,289,59,4,5,2879,31,2073,119,1268,124,1018,93,806,128,860,36,241,76,28,4.3
2563,0500000US48081,Coke County,Texas,48081,331,80,163,74,849,113,7,8,27,28,26,33,58,33,9,13,0,13,1,3,30,20,243,61,182,62,20,25,53,31,,8,10,16,23,1,5,0,13,0,13,0,13,2,4,0,13,16,16,32,40,97,40,594,64,84,51,54,39,273,94,1,3,3177,43,2765,125,2109,155,1208,98,412,123,648,46,84,51,13,3.9
2564,0500000US48083,Coleman County,Texas,48083,643,197,433,174,1435,233,11,13,140,115,45,39,257,91,15,25,41,56,0,19,30,20,450,115,675,155,39,36,240,111,,16,27,1,2,30,35,0,19,0,19,0,19,50,62,0,19,27,23,41,48,313,120,1505,147,377,129,761,154,783,170,0,19,8358,53,6437,318,4525,445,3383,283,1921,313,1919,47,377,129,23,3.7
2565,0500000US48085,Collin County,Texas,48085,183324,2301,119634,1912,289327,2818,4308,490,18168,1349,16154,1104,36153,1787,1026,270,288,177,115,77,2821,409,31678,1138,33903,1952,4038,541,4829,603,,2249,506,1262,299,2469,472,11,13,12,15,373,219,668,210,47,75,7871,778,6800,567,19103,980,57108,1414,18690,1432,34656,1619,41899,1897,2580,508,941564,373,843739,3488,757027,4556,153370,2903,97825,3476,264505,560,18690,1432,10.4,0.4
2566,0500000US48087,Collingsworth County,Texas,48087,187,67,200,63,444,86,0,13,45,33,53,41,108,54,0,13,0,13,0,13,41,26,228,65,384,70,47,39,149,75,,0,13,0,13,0,13,0,13,0,13,0,13,17,22,0,13,9,9,2,4,83,40,269,70,135,77,249,104,274,83,5,7,2929,81,2266,199,1320,158,1222,162,663,188,760,69,135,77,22.6,6.4
2567,0500000US48089,Colorado County,Texas,48089,2335,411,1900,289,4599,348,50,65,524,249,460,175,1046,227,0,25,0,25,0,25,227,118,1549,265,1521,324,204,114,101,55,,0,25,0,25,4,7,0,25,0,25,0,25,29,26,0,25,193,124,102,63,401,109,2641,288,636,224,814,270,1344,232,23,22,20703,135,17886,526,13815,771,6868,433,2817,477,5209,133,636,224,13.6,2.3
2568,0500000US48091,Comal County,Texas,48091,17699,930,12507,742,30707,883,386,143,2055,437,2223,426,5365,561,47,59,11,19,0,31,798,228,7099,531,6701,868,889,266,1242,273,,1419,437,640,210,2212,364,0,31,30,51,156,81,228,118,0,31,1700,375,1420,293,6095,507,15826,540,3127,529,5210,690,7932,748,194,126,133918,304,117455,1219,98182,1733,38832,1283,16463,1199,32742,185,3127,529,12.3,0.9
2569,0500000US48093,Comanche County,Texas,48093,872,204,703,173,2271,291,52,50,355,156,131,66,893,197,7,13,0,21,0,21,63,36,1028,187,1049,207,162,72,128,68,,0,21,0,21,9,10,5,7,0,21,0,21,60,52,0,21,378,164,203,93,465,112,2051,166,581,265,853,185,955,209,18,20,13292,47,10885,401,7999,479,5122,336,2407,396,3235,116,581,265,18.1,3
2570,0500000US48095,Concho County,Texas,48095,556,189,236,142,616,117,23,27,15,23,0,13,55,28,0,13,9,14,0,13,0,13,130,56,296,102,9,10,6,8,,0,13,0,13,15,22,0,13,0,13,0,13,6,9,0,13,13,12,0,13,26,28,533,103,124,141,105,71,292,83,3,5,3068,225,2544,244,1957,255,1028,135,524,180,1013,220,124,141,17.1,5.6
2571,0500000US48097,Cooke County,Texas,48097,4142,428,4040,395,8612,475,117,69,652,253,623,216,1417,332,8,9,18,26,12,25,270,105,1809,282,3564,406,556,192,321,119,,35,40,8,13,79,49,0,28,3,4,133,108,97,78,9,13,288,130,353,141,1233,252,4877,286,1185,326,1960,290,2662,381,24,39,39107,132,33276,699,25615,986,12832,641,5831,683,9887,153,1185,326,14.9,1.7
2572,0500000US48099,Coryell County,Texas,48099,4488,528,4496,519,8111,578,56,38,865,326,541,183,1054,239,21,35,14,20,86,78,464,202,869,143,4076,539,817,219,518,138,,4949,605,2584,338,2318,285,0,31,0,31,254,132,664,208,36,44,3068,426,1905,339,4262,434,5672,189,869,292,2478,401,2387,366,0,31,57922,889,52188,1014,43175,1265,18655,939,5734,713,18329,146,869,292,9.9,1.2
2573,0500000US48101,Cottle County,Texas,48101,89,47,65,53,152,49,7,8,2,5,8,12,65,34,7,8,0,13,0,13,14,15,108,58,413,115,52,35,75,49,,2,5,0,13,4,6,0,13,0,13,0,13,2,4,0,13,47,37,0,13,62,30,228,60,3,4,89,56,129,54,0,13,1623,188,1402,175,666,125,956,153,221,79,556,117,3,4,13.6,4.5
2574,0500000US48103,Crane County,Texas,48103,1075,153,639,144,1020,148,12,14,23,29,57,40,57,55,0,13,0,13,0,13,12,14,186,96,323,146,70,51,42,40,,0,13,0,13,8,11,0,13,0,13,0,13,0,13,0,13,9,13,11,18,93,55,339,59,191,105,178,84,393,128,0,13,4738,68,3976,239,3301,336,1013,192,762,223,1621,100,191,105,16.1,4.7
2575,0500000US48105,Crockett County,Texas,48105,504,196,505,142,842,204,0,13,100,105,28,45,66,57,0,13,0,13,0,13,0,13,359,144,314,208,0,13,58,67,,0,13,0,13,0,13,0,13,0,13,0,13,23,35,0,13,6,14,24,46,50,53,139,113,60,50,199,143,282,131,0,13,3559,186,3018,260,2241,368,910,246,541,217,984,138,60,50,15.2,6
2576,0500000US48107,Crosby County,Texas,48107,387,117,365,76,993,104,0,19,83,42,84,31,186,63,0,19,0,19,0,19,73,32,417,67,980,128,77,51,61,30,,0,19,0,19,9,15,0,19,0,19,0,19,0,19,0,19,54,34,71,43,179,52,583,74,179,61,460,97,539,92,0,19,5780,50,4602,170,2780,236,2446,169,1178,164,1683,41,179,61,20.4,2.8
2577,0500000US48109,Culberson County,Texas,48109,250,121,192,105,360,96,7,8,0,13,16,16,53,34,0,13,0,13,0,13,6,7,78,38,199,94,106,69,67,34,,0,13,0,13,0,13,0,13,0,13,0,13,0,13,0,13,57,41,0,13,95,58,284,98,55,52,155,54,194,94,59,77,2233,11,1770,132,1115,153,820,155,463,131,561,149,55,52,20.7,5.8
2578,0500000US48111,Dallam County,Texas,48111,811,228,700,165,1321,225,2,3,248,203,139,89,301,107,0,19,2,6,1,3,34,40,226,59,757,228,131,79,58,58,,0,19,0,19,0,19,0,19,0,19,0,19,0,19,17,23,28,37,17,21,109,84,506,97,670,310,473,209,653,233,0,19,7204,51,5408,455,4039,478,1856,298,1796,464,2516,115,670,310,24.9,6.4
2579,0500000US48113,Dallas County,Texas,48113,241380,4856,313696,3306,500251,3823,9752,840,28066,1575,45376,1701,85253,2659,2017,279,4966,954,1600,323,16899,914,88504,1641,326663,5606,39865,1736,56439,2130,,2401,448,2092,410,3142,632,84,49,165,106,1524,336,5193,578,330,180,23098,1823,20039,1107,57378,2176,151306,1829,95604,3506,206980,2994,231832,3619,6108,745,2568003,719,2027479,7403,1428744,10699,760531,7307,540524,7290,722343,1055,95604,3506,21,0.3
2580,0500000US48115,Dawson County,Texas,48115,855,283,793,167,1737,221,26,28,286,137,216,81,681,121,0,21,10,17,8,12,194,126,581,124,1611,342,321,147,274,115,,33,38,0,21,79,73,0,21,0,21,15,24,1,2,0,21,186,129,188,89,239,76,1130,115,323,124,679,202,684,136,40,29,11190,169,9464,324,6020,569,4642,475,1726,262,3304,86,323,124,15.4,2.4
2581,0500000US48117,Deaf Smith County,Texas,48117,2079,445,1512,220,3622,286,91,66,418,171,318,159,488,154,45,62,13,20,0,21,106,81,634,136,2765,421,207,94,124,60,,77,85,67,71,0,21,0,21,0,21,38,43,29,27,0,21,207,102,174,91,512,136,1354,167,807,229,1431,223,1484,276,89,98,18691,105,14880,562,10375,753,5966,509,3811,559,6366,106,807,229,20.4,3
2582,0500000US48119,Delta County,Texas,48119,476,136,322,90,1106,123,22,28,98,67,50,33,161,58,0,19,0,19,0,19,107,50,233,70,559,115,107,69,89,51,,5,11,0,19,12,19,0,19,0,19,0,19,51,38,3,4,43,49,4,6,196,75,723,109,102,55,400,114,280,58,0,19,5149,106,4367,177,3051,256,2071,208,782,155,1283,52,102,55,15.2,3
2583,0500000US48121,Denton County,Texas,48121,140808,2250,118713,1881,230144,2486,2319,301,13420,1100,16168,1005,27824,1456,460,140,274,157,229,92,3023,444,23690,906,36568,1854,4129,487,4617,561,,1990,487,1288,370,1759,392,79,76,105,92,312,132,1171,307,12,19,7624,783,7139,641,19610,1086,47329,1023,16031,1376,34826,1829,40052,2075,1413,273,803126,622,710804,3966,628614,4651,139994,2458,92322,3933,216820,625,16031,1376,11.5,0.5
2584,0500000US48123,DeWitt County,Texas,48123,2002,384,1773,255,3508,314,112,95,371,132,262,101,987,219,0,25,0,25,10,16,65,38,1187,171,1917,349,122,88,389,162,,147,170,91,102,23,24,0,25,0,25,38,51,32,32,0,25,165,103,153,83,497,146,2238,215,226,107,770,211,1356,260,51,66,18492,227,16089,422,11832,627,6600,510,2403,362,4828,97,226,107,13,2
2585,0500000US48125,Dickens County,Texas,48125,211,65,96,46,324,62,6,6,64,42,6,7,88,34,0,13,14,19,1,2,26,18,107,31,141,35,17,16,48,22,,6,8,0,13,0,13,0,13,0,13,0,13,3,4,0,13,13,20,38,32,104,40,385,56,59,30,107,57,228,73,0,13,2092,42,1698,119,1223,120,886,94,394,106,508,46,59,30,18.8,5.1
2586,0500000US48127,Dimmit County,Texas,48127,944,308,671,324,1289,251,5,10,10,19,143,125,229,139,8,13,0,21,18,29,70,58,893,187,2234,462,286,193,440,226,,0,21,0,21,0,21,0,21,0,21,0,21,9,15,0,21,10,15,34,44,143,81,774,174,287,327,812,247,1246,284,0,21,10555,99,8210,530,3740,544,4897,505,2345,539,3485,188,287,327,22.2,5.1
2587,0500000US48129,Donley County,Texas,48129,347,79,358,73,615,89,22,19,59,43,80,38,91,41,3,6,0,13,0,13,24,19,218,52,265,67,32,25,32,24,,3,5,17,23,16,13,0,13,0,13,0,13,4,4,0,13,9,8,27,19,83,37,507,58,48,28,197,58,258,63,7,9,3322,28,2812,99,2125,155,1157,85,510,97,731,27,48,28,15.4,2.9
2588,0500000US48131,Duval County,Texas,48131,565,240,514,177,1364,273,10,17,139,93,71,70,219,116,0,21,21,30,0,21,123,88,454,134,1774,324,299,146,224,98,,26,42,0,21,0,21,0,21,8,12,0,21,0,21,0,21,320,225,62,50,514,169,1493,136,222,136,1356,247,1078,235,0,21,10856,151,8200,399,4568,660,5071,383,2656,406,3075,78,222,136,24.5,3.7
2589,0500000US48133,Eastland County,Texas,48133,1400,378,861,233,2564,307,101,85,407,157,374,159,1056,267,0,21,0,21,6,9,128,110,972,244,1724,350,848,298,407,200,,0,21,0,21,0,21,12,14,0,21,33,44,0,21,0,21,273,181,400,175,700,202,2817,206,308,138,809,164,1781,362,26,38,18007,75,15083,475,10261,756,7858,577,2924,467,4112,117,308,138,16.2,2.6
2590,0500000US48135,Ector County,Texas,48135,22349,1550,21605,928,29036,1010,400,160,2257,462,2393,445,3567,567,89,57,235,180,124,82,990,239,4862,439,13181,1220,2307,349,2002,337,,183,164,79,95,81,77,0,31,0,31,115,96,181,105,0,31,2545,591,1745,407,3946,443,9181,435,9018,1345,12181,846,12348,855,175,99,157175,286,123453,2221,95751,2502,38448,1601,33722,2175,49768,282,9018,1345,21.5,1.4
2591,0500000US48137,Edwards County,Texas,48137,125,114,64,94,341,128,0,13,0,13,0,13,79,68,0,13,0,13,0,13,35,38,177,79,207,157,148,96,34,41,,0,13,0,13,0,13,0,13,0,13,0,13,12,21,0,13,14,17,0,13,165,101,391,114,66,72,67,51,118,75,0,13,2043,194,1792,205,1034,210,1183,248,251,114,412,173,66,72,12.3,5.6
2592,0500000US48139,Ellis County,Texas,48139,23982,1063,18734,875,40603,1039,295,107,3553,568,2713,476,6108,604,114,87,16,21,156,105,845,177,6285,511,12390,935,1386,312,1617,351,,448,150,199,100,673,194,0,31,36,57,25,25,417,132,16,18,1777,424,1177,253,5023,540,13446,560,5591,730,9543,652,10235,754,182,110,167585,285,142034,1345,115928,1838,42252,1262,25551,1289,47793,233,5591,730,15.2,0.8
2593,0500000US48141,El Paso County,Texas,48141,64733,2840,70181,2500,121319,2693,1675,294,9807,1196,15705,1350,28501,1590,883,238,652,303,239,108,5807,606,31986,1141,115473,2987,15818,1016,16164,1025,,18976,1500,11312,985,8066,717,286,168,225,152,1878,548,2456,414,217,101,12133,1236,7862,703,25284,1225,57547,1229,23375,1694,67715,1971,73925,2422,3258,441,813458,1100,645185,4362,420177,6162,278278,3646,168273,4144,245374,525,23375,1694,20.7,0.5
2594,0500000US48143,Erath County,Texas,48143,3624,597,6457,635,6604,509,106,68,1265,378,1898,497,2142,386,10,15,23,21,5,11,177,75,1785,280,3202,596,439,170,264,109,,161,208,98,68,105,136,0,28,0,28,26,43,82,64,0,28,226,112,538,205,996,265,3456,271,1562,379,3220,520,2469,405,39,38,40979,143,33689,870,26740,1255,10469,794,7290,894,10063,372,1562,379,17.8,2.2
2595,0500000US48145,Falls County,Texas,48145,1615,265,1411,263,2545,251,32,45,97,61,111,107,426,142,0,21,0,21,0,21,107,91,722,164,1664,225,296,110,575,225,,0,21,0,21,40,25,0,21,0,21,0,21,55,35,13,21,228,183,133,66,808,144,2023,186,322,124,1184,270,1054,276,70,50,15531,236,12901,485,8635,529,6361,360,2630,453,3926,150,322,124,16.9,2.9
2596,0500000US48147,Fannin County,Texas,48147,2887,324,2767,252,6738,393,151,65,396,140,317,106,1109,222,7,7,48,57,36,24,298,90,2054,243,2963,353,435,122,529,142,,83,83,49,44,51,31,0,28,0,28,15,26,165,130,28,36,358,146,316,101,933,161,3558,236,846,249,1489,224,2617,336,57,50,31300,417,26291,645,18710,687,11381,525,5009,536,7581,81,846,249,16,1.7
2597,0500000US48149,Fayette County,Texas,48149,3061,415,2397,232,5631,352,135,94,445,144,397,138,1178,221,34,27,10,17,0,25,233,105,1684,243,1132,304,286,139,390,141,,46,52,3,6,62,83,0,25,0,25,0,25,12,17,37,58,302,149,195,96,592,154,3733,265,478,217,569,200,1553,254,52,48,24647,173,21995,491,17577,666,8205,460,2652,477,5474,107,478,217,10.8,1.9
2598,0500000US48151,Fisher County,Texas,48151,331,84,325,77,664,96,8,8,126,68,114,55,131,58,0,13,4,5,0,13,34,20,170,49,205,67,17,22,107,43,,21,35,11,17,5,8,0,13,0,13,3,5,38,46,0,13,41,22,31,18,167,55,714,92,146,66,177,57,270,91,0,13,3860,15,3267,142,2514,199,1406,116,593,140,874,90,146,66,15.4,3.6
2599,0500000US48153,Floyd County,Texas,48153,456,121,422,107,895,148,15,17,57,44,64,50,277,82,0,19,12,18,0,19,28,22,294,80,800,131,96,58,116,49,,27,36,0,19,15,20,0,19,0,19,7,10,5,10,0,19,44,33,13,13,124,47,758,85,252,108,472,87,585,124,0,19,5834,17,4525,213,2954,271,2269,190,1309,218,1648,39,252,108,22.4,3.7
2600,0500000US48155,Foard County,Texas,48155,148,66,87,43,290,71,13,15,8,12,0,13,102,51,0,13,9,14,0,13,0,13,129,52,71,44,13,12,52,29,,0,13,0,13,0,13,0,13,0,13,0,13,0,13,0,13,11,14,14,17,40,25,204,66,49,38,38,37,95,50,0,13,1373,140,1191,145,856,141,538,101,182,78,296,62,49,38,13.3,5.6
2601,0500000US48157,Fort Bend County,Texas,48157,135868,3307,86487,2270,208226,3022,3632,538,14729,1809,14192,912,32292,2298,897,251,456,315,344,182,2767,507,27059,1148,40684,2646,4596,786,5508,811,,1408,554,775,269,1216,404,13,21,0,31,427,244,1069,313,21,33,7627,1168,5915,870,16069,1262,40027,1296,14319,1298,29081,1860,35845,2014,2522,645,734071,612,652304,3787,558076,5756,139849,4241,81767,3772,215091,724,14319,1298,11.1,0.5
2602,0500000US48159,Franklin County,Texas,48159,1107,276,913,188,1969,325,0,21,346,189,167,100,545,178,7,12,0,21,0,21,100,60,610,159,842,195,88,62,118,93,,34,73,11,18,28,33,0,21,0,21,13,20,0,21,0,21,85,75,73,48,218,115,1550,163,384,183,402,162,974,249,0,21,10584,95,8824,461,6682,547,3673,321,1760,453,2798,100,384,183,16.6,4.3
2603,0500000US48161,Freestone County,Texas,48161,1893,326,1468,244,3528,334,32,30,250,123,276,176,583,208,0,21,2,4,0,21,106,65,976,173,1764,319,312,147,297,162,,19,32,0,21,36,32,0,21,0,21,0,21,97,85,0,21,242,182,273,140,530,138,2536,188,557,206,1085,255,1176,216,9,8,18047,192,15220,437,11020,650,6991,525,2827,457,4727,85,557,206,15.7,2.5
2604,0500000US48163,Frio County,Texas,48163,980,391,1330,394,1919,305,21,30,67,94,39,61,468,156,0,21,0,21,0,21,186,120,958,244,2102,522,395,208,379,201,,21,34,41,64,81,104,0,21,0,21,36,63,43,49,0,21,764,344,312,207,870,275,1253,264,589,283,1275,340,1525,325,79,91,15733,512,12265,697,7552,888,6172,691,3468,581,4523,506,589,283,22,3.6
2605,0500000US48165,Gaines County,Texas,48165,2650,513,1838,275,3194,382,48,47,200,121,275,209,553,201,0,25,94,84,0,25,54,44,748,154,2154,434,223,140,176,124,,0,25,0,25,12,22,0,25,0,25,0,25,0,25,0,25,202,116,251,129,253,102,878,168,2322,502,1814,308,2259,377,14,23,20212,33,13803,798,9884,844,4751,526,6409,798,7622,125,2322,502,31.7,3.9
2606,0500000US48167,Galveston County,Texas,48167,44649,1796,36360,1316,77205,1687,804,169,4121,741,5293,661,11487,987,152,106,190,91,351,196,2054,361,11229,761,23575,1439,3309,430,3899,532,,1048,335,654,278,1218,277,117,92,0,31,121,65,600,210,30,32,4022,654,2815,499,10639,1133,30354,855,7199,1007,16615,1087,21452,1470,390,137,321952,402,276296,2430,224321,3378,86982,2249,45656,2469,84804,394,7199,1007,14.2,0.8
2607,0500000US48169,Garza County,Texas,48169,288,117,416,180,904,193,0,19,20,32,37,30,175,118,0,19,0,19,0,19,19,24,183,90,551,172,127,91,72,46,,32,38,0,19,18,26,0,19,0,19,0,19,0,19,0,19,64,48,52,43,113,63,562,135,83,65,333,158,346,163,10,16,4405,235,3633,268,2623,308,1684,257,772,200,1038,134,83,65,17.5,4.4
2608,0500000US48171,Gillespie County,Texas,48171,1915,323,1530,269,4479,374,93,56,542,211,375,153,1823,272,0,25,182,259,21,33,240,106,2142,251,1374,408,179,107,139,81,,0,25,11,18,110,81,0,25,0,25,20,30,2,4,0,25,191,118,114,79,485,147,5031,254,1280,432,1326,239,2163,268,84,53,25851,136,20998,653,16326,721,9813,499,4853,677,5484,110,1280,432,18.8,2.6
2609,0500000US48173,Glasscock County,Texas,48173,181,76,149,83,344,105,8,11,64,48,15,14,112,49,15,23,0,13,0,13,2,3,99,49,66,54,13,22,0,13,,0,13,0,13,0,13,0,13,0,13,0,13,0,13,0,13,0,13,13,17,8,8,51,29,40,45,135,118,115,77,0,13,1430,146,1140,182,960,175,233,72,290,143,351,96,40,45,20.3,9.8
2610,0500000US48175,Goliad County,Texas,48175,935,188,653,167,1749,201,16,17,95,66,78,76,275,99,0,19,0,19,0,19,147,102,422,114,389,141,53,40,135,100,,42,51,33,35,50,62,0,19,0,19,8,13,1,4,0,19,41,43,122,86,252,90,1138,112,224,157,236,98,334,113,0,19,7428,42,6634,249,5154,357,2647,245,794,242,1726,78,224,157,10.7,3.3
2611,0500000US48177,Gonzales County,Texas,48177,1691,293,1677,204,3826,293,51,33,182,71,339,136,592,122,0,25,12,23,4,7,208,82,1108,159,3115,327,436,158,409,140,,2,3,0,25,36,38,0,25,0,25,0,25,36,32,0,25,100,49,84,58,423,106,1992,164,703,207,1420,225,1887,227,51,33,20384,47,16323,424,10461,590,7731,479,4061,424,5805,78,703,207,19.9,2.1
2612,0500000US48179,Gray County,Texas,48179,2165,335,2113,256,3635,343,36,30,228,97,217,122,774,220,15,20,6,25,9,13,98,44,907,127,2427,351,340,109,343,138,,160,152,11,19,35,32,0,25,0,25,6,11,86,84,0,25,331,149,218,120,757,219,2379,139,591,221,1373,257,1826,236,31,29,21117,213,17296,481,12359,601,7532,542,3821,463,5908,60,591,221,18.1,2.2
2613,0500000US48181,Grayson County,Texas,48181,13980,864,13046,578,26855,873,338,125,2161,457,1852,384,3234,408,80,47,34,31,25,32,1281,257,5947,552,10363,971,1066,256,2112,345,,298,148,264,122,300,109,0,31,44,36,107,73,452,189,18,29,1484,403,1173,244,4287,452,14915,527,3728,513,7280,584,10177,802,273,146,127174,259,105716,1239,80788,1736,41729,1410,21458,1228,32092,187,3728,513,16.9,1
2614,0500000US48183,Gregg County,Texas,48183,13314,1072,13352,652,23026,1046,291,127,1240,290,1622,251,3390,433,57,41,41,49,63,58,873,241,4863,413,13672,933,1780,385,2456,519,,401,232,189,115,165,91,20,33,21,33,173,111,366,158,7,12,1047,316,732,192,3216,448,11942,436,3800,622,8895,681,10241,854,84,57,121339,383,98319,1461,70968,2143,40044,1506,23020,1504,33536,219,3800,622,19,1.2
2615,0500000US48185,Grimes County,Texas,48185,2197,386,1978,289,5068,399,55,34,241,136,388,163,930,223,25,27,10,17,0,25,112,54,1348,223,3072,581,536,185,396,148,,81,87,21,31,13,14,0,25,0,25,1,4,81,57,0,25,503,230,208,120,820,178,2690,265,604,212,937,217,1676,272,75,78,24066,376,20774,493,14468,885,9388,764,3292,464,6708,157,604,212,13.7,1.9
2616,0500000US48187,Guadalupe County,Texas,48187,20582,1144,15523,879,31725,940,345,129,1896,363,2153,326,4246,542,87,76,45,38,59,38,913,260,6025,495,9640,952,1292,323,1079,242,,5304,637,2518,395,5133,505,0,31,0,31,132,91,479,204,4,5,2368,361,1580,303,8814,612,13433,524,2748,520,7055,699,7457,709,305,158,152940,320,135375,1385,112769,1765,41595,1254,17565,1318,42583,274,2748,520,11.5,0.9
2617,0500000US48189,Hale County,Texas,48189,3739,465,3304,359,6123,416,65,58,480,162,523,185,807,182,0,28,23,39,11,13,221,77,1276,169,4489,467,395,157,540,141,,25,28,16,23,54,46,0,28,0,28,71,63,39,35,0,28,335,149,108,64,648,166,2895,183,936,260,2524,313,2691,370,28,26,32366,185,26187,655,18237,930,10678,580,6179,646,10027,154,936,260,19.1,2
2618,0500000US48191,Hall County,Texas,48191,95,60,115,48,342,54,7,10,46,34,27,29,97,44,0,13,0,13,0,13,24,16,185,55,529,88,17,17,75,42,,0,13,0,13,0,13,0,13,0,13,0,13,23,19,0,13,41,35,43,43,103,48,475,82,61,46,254,55,455,82,2,3,3016,43,2244,121,1237,145,1393,122,772,120,772,34,61,46,25.6,3.9
2619,0500000US48193,Hamilton County,Texas,48193,570,152,459,170,1545,197,21,32,170,109,161,72,339,121,0,19,0,19,0,19,105,83,454,170,881,136,47,55,172,89,,9,14,23,27,15,19,0,19,0,19,0,19,12,21,5,7,52,38,66,38,117,64,1416,173,135,101,588,165,682,213,0,19,8044,67,6639,329,4724,422,3273,228,1405,319,1817,61,135,101,17.5,4
2620,0500000US48195,Hansford County,Texas,48195,556,177,579,133,1036,169,0,19,339,144,101,79,299,138,0,19,0,19,0,19,65,56,278,96,408,158,49,49,0,19,,38,50,0,19,22,24,0,19,0,19,34,49,0,19,0,19,20,31,15,20,33,28,514,93,330,192,346,87,391,143,10,18,5463,91,4386,302,3468,297,1398,191,1077,275,1691,45,330,192,19.7,5.1
2621,0500000US48197,Hardeman County,Texas,48197,429,109,329,97,684,106,5,8,83,69,79,69,59,38,0,13,0,13,8,10,131,55,207,59,309,112,44,28,114,57,,4,6,0,13,7,11,0,13,0,13,0,13,36,34,0,13,16,18,23,26,164,67,587,74,122,72,243,83,257,73,0,13,3940,12,3318,128,2329,192,1611,162,622,127,963,120,122,72,15.8,3.2
2622,0500000US48199,Hardin County,Texas,48199,6529,720,4918,529,11296,782,160,84,524,213,355,135,998,271,2,8,4,8,53,54,462,126,3022,372,3122,448,856,229,813,234,,100,91,47,47,11,15,0,31,0,31,35,32,135,81,0,31,2821,782,1778,440,4079,669,5529,345,1497,457,2779,437,3882,532,111,79,55918,134,47649,1112,38068,1402,16535,845,8269,1110,14597,168,1497,457,14.8,2
2623,0500000US48201,Harris County,Texas,48201,503907,6541,552750,6030,933111,6433,15826,1015,54847,2844,80791,2608,136976,3245,3530,666,3201,664,2890,495,22436,1239,160265,2643,539732,6530,75348,2770,110562,3012,,4891,814,3755,599,5502,659,111,63,411,251,3328,592,8071,810,500,201,42880,2308,40354,2038,100219,2644,251049,2635,151273,4453,358219,5262,399427,6217,14848,1037,4581010,3641,3657243,11483,2643160,15877,1294937,10005,923767,11374,1301142,1677,151273,4453,20.2,0.2
2624,0500000US48203,Harrison County,Texas,48203,8155,916,6849,493,14289,756,284,113,1114,366,858,229,2094,488,54,57,26,34,217,136,548,200,3071,427,5983,778,1015,291,1364,372,,146,166,17,28,175,74,0,31,0,31,58,62,175,134,0,31,640,186,465,168,1673,264,6795,427,1883,485,3057,389,4744,477,126,120,65875,245,56065,843,41879,1493,21476,1286,9810,860,17947,216,1883,485,14.9,1.3
2625,0500000US48205,Hartley County,Texas,48205,549,144,400,104,829,132,17,25,102,61,32,31,233,98,17,27,0,19,0,19,0,19,340,102,438,134,7,10,63,54,,0,19,0,19,0,19,0,19,0,19,0,19,11,17,0,19,16,16,4,7,63,46,387,114,150,73,332,93,220,80,10,15,4220,150,3508,195,2599,287,1265,172,712,154,1255,10,150,73,16.9,3.6
2626,0500000US48207,Haskell County,Texas,48207,310,95,242,95,820,125,1,3,72,34,82,68,226,85,5,4,0,19,0,19,55,30,361,91,638,117,179,82,101,47,,0,19,0,19,6,6,0,19,0,19,15,22,4,4,0,19,74,65,66,52,157,59,813,101,69,45,268,77,649,148,28,34,5241,220,4227,210,2638,287,2341,176,1014,204,1163,40,69,45,19.3,3.5
2627,0500000US48209,Hays County,Texas,48209,29299,1583,33939,1550,44887,1310,326,105,3376,648,7115,851,6427,621,122,88,2,5,28,25,664,206,5686,589,10855,1220,1645,395,1401,325,,1272,479,703,291,973,291,0,31,37,47,217,130,380,133,30,38,2312,536,2707,439,4826,556,14809,618,4596,927,12669,1383,11073,1054,5,8,202381,333,174038,2415,151064,3177,41615,1589,28343,2430,51749,470,4596,927,14,1.2
2628,0500000US48211,Hemphill County,Texas,48211,548,122,213,83,713,142,9,15,81,47,103,61,147,61,0,13,0,13,0,13,58,45,47,26,364,185,59,53,28,22,,29,32,8,14,0,13,0,13,0,13,0,13,0,13,0,13,18,22,18,20,37,26,458,77,418,188,139,63,523,152,0,13,4018,43,2938,290,2354,273,1076,217,1080,289,1458,93,418,188,26.9,7.2
2629,0500000US48213,Henderson County,Texas,48213,6162,643,5203,412,14182,765,261,136,981,307,849,224,2936,402,36,39,134,195,59,61,812,161,4518,390,8322,723,1289,243,1752,321,,133,92,15,18,234,114,0,31,0,31,114,101,344,129,61,49,652,234,776,205,2796,382,11973,440,2427,494,5146,442,7279,587,54,42,79500,207,64594,951,44883,1221,32678,1131,14906,947,18811,215,2427,494,18.7,1.2
2630,0500000US48215,Hidalgo County,Texas,48215,48574,2541,57839,2280,96280,2595,1095,275,19384,1773,14286,1051,22294,1159,1266,373,803,266,547,227,5266,628,23510,1054,178672,2995,13121,978,12638,1031,,827,317,302,172,609,185,9,15,64,69,714,257,1449,363,37,41,5541,759,4626,615,16891,906,58306,1176,43979,2563,96882,2742,111147,2530,4263,720,841221,495,584950,5657,308592,6358,315557,3746,256271,5644,297844,719,43979,2563,30.5,0.7
2631,0500000US48217,Hill County,Texas,48217,3372,327,3046,269,6451,356,61,27,477,150,511,119,1349,219,11,10,21,22,5,6,346,97,2340,249,3531,390,512,168,557,126,,100,57,51,41,75,37,0,28,0,28,62,46,130,54,0,28,302,96,303,110,1106,151,4410,242,994,221,1672,232,2914,283,45,36,34754,115,29129,535,20761,690,13269,579,5625,505,8797,78,994,221,16.2,1.5
2632,0500000US48219,Hockley County,Texas,48219,2667,297,2671,268,4243,278,22,18,303,130,504,155,572,118,16,18,17,18,19,29,171,88,964,145,2579,321,353,134,522,156,,18,24,22,20,17,13,0,25,0,25,0,25,41,39,0,25,267,95,172,93,493,101,2066,159,700,178,1587,231,1938,232,6,8,22950,87,18719,434,13595,625,7421,452,4231,421,6551,92,700,178,18.4,1.8
2633,0500000US48221,Hood County,Texas,48221,6044,641,4925,419,11714,626,198,96,677,235,549,213,2215,340,21,31,30,43,53,50,510,211,4893,565,3662,674,566,303,491,163,,132,110,103,72,189,109,16,26,0,31,23,29,276,97,0,31,134,62,362,153,1510,255,8324,544,1925,523,2423,370,4217,509,26,34,56208,132,47617,917,36001,1201,20217,873,8591,906,12604,211,1925,523,15.3,1.6
2634,0500000US48223,Hopkins County,Texas,48223,3832,388,3091,310,6956,367,56,33,538,158,362,108,1214,224,0,28,131,75,30,26,435,160,2201,222,3358,440,436,138,607,169,,48,35,49,35,81,55,0,28,0,28,76,63,76,47,6,9,415,148,294,97,998,177,3912,278,1133,252,2415,338,3036,299,16,16,35802,166,29202,533,20840,748,12601,588,6600,518,9455,81,1133,252,18.4,1.4
2635,0500000US48225,Houston County,Texas,48225,1817,256,1671,209,3971,283,58,47,129,89,123,58,490,145,0,25,7,12,39,43,278,111,1809,276,2307,252,422,211,303,105,,0,25,13,19,16,15,0,25,0,25,0,25,61,40,0,25,131,70,128,67,457,147,2621,272,300,139,1021,241,1649,241,7,9,19828,238,16851,384,10938,530,8352,456,2977,396,4691,104,300,139,15,1.9
2636,0500000US48227,Howard County,Texas,48227,3410,432,3765,450,5875,438,82,55,627,180,532,199,913,190,5,10,0,28,7,13,294,121,1548,206,2872,387,524,187,533,167,,43,42,55,78,66,46,0,28,0,28,8,10,233,97,0,28,489,167,374,153,1444,251,2575,213,1130,289,1922,380,2478,337,9,18,31813,482,26274,696,19426,867,10082,551,5539,596,8571,160,1130,289,17.4,1.8
2637,0500000US48229,Hudspeth County,Texas,48229,154,102,127,99,553,150,6,9,0,13,28,36,73,51,0,13,0,13,0,13,25,25,241,83,600,160,125,104,61,47,,0,13,6,9,14,15,0,13,0,13,0,13,13,15,0,13,61,62,13,17,106,44,380,89,229,88,194,117,356,118,12,19,3377,278,2586,241,1241,249,1620,221,791,205,1044,103,229,88,23.4,5.3
2638,0500000US48231,Hunt County,Texas,48231,9554,736,8959,563,18108,753,345,231,784,218,1660,279,2744,419,32,38,61,57,107,93,1186,303,5067,408,9017,725,1021,227,1545,302,,326,149,249,152,267,109,0,31,0,31,90,65,227,105,12,18,1027,299,1158,265,3610,399,8639,480,2818,480,5446,586,7259,686,28,27,91346,198,75795,1259,55072,1619,31012,1090,15551,1269,23587,255,2818,480,17,1.4
2639,0500000US48233,Hutchinson County,Texas,48233,2263,317,1855,240,4436,351,92,66,311,128,178,103,562,152,9,14,56,82,4,7,105,56,862,150,2143,327,345,120,475,129,,12,22,25,30,83,64,0,25,0,25,36,48,21,17,0,25,292,127,391,156,804,181,2392,172,710,201,1391,188,1611,250,0,25,21464,56,17752,412,13267,598,7558,466,3712,411,5787,56,710,201,17.3,1.9
2640,0500000US48235,Irion County,Texas,48235,233,72,156,42,416,86,7,10,9,12,0,13,66,39,0,13,0,13,0,13,12,12,107,44,35,36,0,13,5,8,,0,13,13,11,0,13,0,13,0,13,0,13,15,17,0,13,39,54,0,13,10,12,175,52,74,59,64,37,72,37,0,13,1508,150,1298,132,1076,142,398,86,210,97,390,104,74,59,13.9,5.9
2641,0500000US48237,Jack County,Texas,48237,974,170,512,143,1455,159,12,19,141,74,173,99,376,95,0,19,3,8,0,19,82,39,383,115,583,128,146,83,85,52,,7,11,5,9,2,4,0,19,0,19,0,19,66,44,0,19,111,90,0,19,161,61,1069,95,227,92,336,114,775,152,0,19,7684,153,6346,259,4815,337,2637,228,1338,215,2046,84,227,92,17.4,2.8
2642,0500000US48239,Jackson County,Texas,48239,1726,314,1323,210,3191,319,1,4,310,138,253,134,518,160,0,21,0,21,0,21,137,91,703,193,1244,277,193,107,156,83,,0,21,0,21,0,21,0,21,0,21,0,21,53,43,0,21,112,73,199,95,549,168,1620,179,530,252,686,169,1068,248,19,22,14591,127,12288,511,9508,593,4568,421,2303,492,3922,70,530,252,15.8,3.4
2643,0500000US48241,Jasper County,Texas,48241,3163,560,2739,415,6613,567,27,31,530,201,197,128,781,212,0,28,0,28,78,116,388,158,2068,346,4062,698,475,203,730,268,,13,25,0,28,73,65,0,28,0,28,57,73,70,56,0,28,393,254,334,167,1642,287,4365,355,942,401,1968,370,2854,474,25,33,34587,197,28798,926,19829,1210,13936,925,5789,917,9103,221,942,401,16.7,2.6
2644,0500000US48243,Jeff Davis County,Texas,48243,175,146,93,58,367,123,3,5,19,63,0,13,52,41,0,13,0,13,0,13,11,14,210,120,176,157,8,14,0,13,,0,13,0,13,0,13,0,13,0,13,0,13,15,22,0,13,0,13,9,17,246,102,493,125,42,67,82,83,171,108,0,13,2172,73,1877,163,1395,176,998,214,295,151,412,160,42,67,13.6,6.9
2645,0500000US48245,Jefferson County,Texas,48245,23885,1272,25158,1040,46570,1097,541,152,2224,521,3159,456,6081,711,59,39,154,81,117,86,2444,385,11224,654,28506,1620,4060,507,3965,438,,189,120,298,145,232,103,61,66,13,20,132,82,678,184,4,9,1986,484,1686,320,6695,674,21639,654,7319,728,19729,1006,21808,1045,519,201,241135,1323,191760,1972,134334,2692,80870,2074,49375,1857,64276,359,7319,728,20.5,0.7
2646,0500000US48247,Jim Hogg County,Texas,48247,381,177,335,159,926,188,0,19,36,40,61,47,103,106,0,19,0,19,0,19,21,31,227,89,978,292,116,75,205,105,,0,19,0,19,12,21,0,19,0,19,0,19,20,18,0,19,22,26,28,30,89,65,705,164,335,185,357,152,296,111,0,19,5253,35,4265,261,2510,432,2389,379,988,262,1752,222,335,185,18.8,5
2647,0500000US48249,Jim Wells County,Texas,48249,5480,797,3845,464,7824,581,55,51,443,263,174,89,585,223,38,43,0,28,40,46,449,174,2667,314,4968,814,591,240,848,203,,4,6,13,22,100,75,0,28,27,40,5,9,46,45,0,28,447,231,290,133,1413,384,2951,309,1006,363,3358,587,3107,444,25,39,40799,113,33303,970,22127,1499,14047,1042,7496,964,12375,286,1006,363,18.4,2.4
2648,0500000US48251,Johnson County,Texas,48251,22581,1236,18574,789,39546,1058,713,256,1891,396,1660,338,3831,503,62,46,74,58,19,26,1130,234,8864,557,12602,1200,1522,329,1871,353,,504,215,347,157,484,153,0,31,19,32,127,83,316,123,58,71,1741,385,1233,267,3419,384,11822,568,5186,771,8677,650,11991,951,146,105,161010,301,135010,1730,106074,2147,42973,1576,26000,1667,44598,263,5186,771,16.1,1
2649,0500000US48253,Jones County,Texas,48253,1190,233,725,211,2192,292,20,20,138,95,90,69,510,157,5,7,11,23,14,20,61,41,745,145,1514,282,86,79,229,90,,72,95,186,101,37,34,0,21,0,21,0,21,28,26,0,21,277,107,121,76,652,154,2020,165,373,181,495,177,898,211,1,3,12690,397,10923,470,7686,604,5493,303,1767,364,3575,41,373,181,13.9,2.8
2650,0500000US48255,Karnes County,Texas,48255,1464,272,1612,199,2657,272,4,6,112,67,86,73,525,157,2,5,0,21,0,21,87,48,480,102,1426,327,280,106,193,105,,5,8,10,16,44,37,0,21,0,21,18,21,23,25,0,21,64,45,105,61,339,149,1493,132,442,177,697,163,634,190,4,6,12806,323,11029,413,8062,459,4353,405,1777,363,3513,103,442,177,13.9,2.8
2651,0500000US48257,Kaufman County,Texas,48257,18386,966,12128,694,27111,874,288,103,1463,318,1724,329,3450,356,9,12,96,115,43,42,1000,263,4966,410,9929,923,1535,284,2080,379,,335,221,268,126,306,112,7,11,0,31,82,59,286,137,3,5,1364,373,1250,276,3889,411,7988,423,3008,674,6427,662,8130,771,260,143,117811,226,99986,1480,77950,1794,32365,1282,17825,1476,34581,194,3008,674,15.1,1.3
2652,0500000US48259,Kendall County,Texas,48259,6302,673,3478,400,10032,703,67,53,1146,529,640,231,2079,446,88,60,0,28,0,28,102,83,1747,289,1621,366,347,163,346,176,,173,144,31,36,424,217,0,28,0,28,15,26,196,138,0,28,739,261,404,178,2069,423,5681,278,728,252,1500,326,1587,358,9,15,41551,109,37727,618,32693,866,11739,663,3824,627,10709,228,728,252,9.2,1.5
2653,0500000US48261,Kenedy County,Texas,48261,29,40,34,36,97,45,0,13,0,13,0,13,26,32,0,13,0,13,5,8,0,13,21,22,134,121,0,13,0,13,,0,13,0,13,0,13,0,13,0,13,0,13,0,13,0,13,0,13,0,13,6,7,115,58,4,4,71,66,53,50,0,13,595,181,467,144,212,100,276,116,128,79,167,116,4,4,21.5,10.4
2654,0500000US48263,Kent County,Texas,48263,122,58,42,25,209,57,7,7,20,18,0,13,16,16,0,13,0,13,0,13,3,4,81,51,19,28,10,17,3,4,,0,13,0,13,4,5,0,13,0,13,0,13,4,5,0,13,0,13,0,13,17,15,111,40,0,13,9,12,30,21,0,13,707,112,668,114,525,109,245,59,39,27,161,65,0,13,5.5,3.9
2655,0500000US48265,Kerr County,Texas,48265,3381,540,3746,475,7977,642,175,94,811,204,847,247,2106,345,37,39,47,52,31,32,549,188,2986,369,4381,568,841,265,729,211,,229,160,74,53,256,118,0,31,0,31,104,87,83,78,9,13,376,172,562,202,1950,331,10174,407,1231,329,2598,420,4171,480,33,51,50494,196,42461,829,31033,1266,22022,881,8033,768,10456,136,1231,329,15.9,1.5
2656,0500000US48267,Kimble County,Texas,48267,184,76,141,75,640,140,90,95,50,33,27,23,221,95,0,13,0,13,0,13,48,43,295,90,461,138,46,36,36,30,,6,9,0,13,0,13,0,13,0,13,0,13,59,59,0,13,70,48,46,47,73,53,862,145,188,120,178,66,635,157,0,13,4356,44,3355,230,2268,252,1890,208,1001,226,959,102,188,120,23,5.2
2657,0500000US48271,Kinney County,Texas,48271,177,119,106,78,619,208,9,15,0,13,80,81,135,95,0,13,0,13,51,84,31,48,200,95,369,163,50,71,96,91,,87,102,9,14,59,53,0,13,0,13,140,172,2,3,0,13,59,80,52,57,47,42,541,156,20,33,156,100,324,120,0,13,3419,136,2919,207,1772,326,1586,264,500,170,712,180,20,33,14.6,5
2658,0500000US48273,Kleberg County,Texas,48273,2988,571,4149,658,4441,415,33,38,234,112,1271,277,468,165,0,28,174,213,7,13,128,84,1047,275,3859,650,769,235,626,274,,100,79,118,79,121,83,0,28,0,28,8,13,110,119,0,28,632,250,558,286,787,221,2695,300,542,217,2596,476,2099,441,68,97,30628,200,25323,771,17697,1211,11055,893,5305,745,8529,268,542,217,17.3,2.4
2659,0500000US48275,Knox County,Texas,48275,355,108,325,74,625,97,16,19,50,44,28,22,89,36,10,15,0,13,0,13,38,23,139,41,531,92,53,35,61,28,,5,6,8,13,8,12,0,13,0,13,0,13,12,19,0,13,56,34,50,35,118,43,445,48,75,52,190,79,303,70,0,13,3590,108,3022,153,2051,209,1452,134,568,124,1072,28,75,52,15.8,3.4
2660,0500000US48277,Lamar County,Texas,48277,4188,537,3806,469,9721,651,67,63,726,227,572,201,1401,287,0,28,15,23,28,39,448,151,3082,313,5621,567,921,250,1030,216,,136,92,28,23,209,138,0,28,0,28,102,69,116,74,0,28,532,213,536,181,1538,259,5707,326,1279,330,3199,383,3906,457,28,34,48942,177,40530,721,27453,1105,19037,874,8412,678,12497,164,1279,330,17.2,1.4
2661,0500000US48279,Lamb County,Texas,48279,706,160,977,144,1926,190,16,17,426,181,352,114,591,132,0,21,48,43,0,21,77,35,577,121,1984,214,234,103,169,61,,68,63,50,66,25,32,0,21,0,21,0,21,50,42,0,21,104,61,61,41,202,67,1419,128,567,198,887,131,1546,175,0,21,13062,72,10062,341,6496,421,4833,312,3000,341,3903,75,567,198,23,2.6
2662,0500000US48281,Lampasas County,Texas,48281,1622,269,1422,261,3393,322,65,56,420,155,189,91,555,156,0,25,0,25,0,25,60,37,604,147,1775,334,254,119,137,101,,501,181,182,74,1077,267,21,30,0,25,12,18,188,86,0,25,161,66,323,100,1374,271,2918,164,517,180,962,219,1510,230,0,25,20242,136,17253,415,13784,610,7502,496,2989,425,4996,156,517,180,14.8,2.1
2663,0500000US48283,La Salle County,Texas,48283,517,222,608,243,891,251,0,19,0,19,0,19,123,93,0,19,0,19,0,19,101,82,218,154,549,286,56,48,199,195,,67,100,0,19,24,29,0,19,0,19,0,19,0,19,0,19,137,134,210,194,330,166,816,233,418,291,827,256,380,179,0,19,6471,269,4846,493,3469,629,2035,329,1625,436,1688,309,418,291,25.1,6.7
2664,0500000US48285,Lavaca County,Texas,48285,2559,228,1926,171,4363,258,116,57,529,195,309,99,816,158,15,17,0,21,11,12,104,50,1130,173,1274,187,133,70,219,75,,26,37,12,16,6,9,0,21,0,21,0,21,68,42,0,21,80,46,93,45,578,147,2958,238,424,151,886,154,870,170,1,3,19506,156,17325,376,13831,502,6348,283,2181,301,4892,56,424,151,11.2,1.6
2665,0500000US48287,Lee County,Texas,48287,1908,261,1418,286,4139,353,63,60,274,169,301,152,703,209,4,5,0,21,5,8,111,84,771,197,1441,250,119,96,170,107,,0,21,0,21,0,21,15,26,0,21,0,21,37,40,3,5,181,134,177,80,482,157,2075,194,175,110,774,251,1122,285,23,37,16491,63,14397,364,11420,540,5353,401,2094,364,3979,178,175,110,12.7,2.2
2666,0500000US48289,Leon County,Texas,48289,1314,304,1226,270,2465,311,87,76,316,180,305,139,1104,257,8,13,48,53,14,23,159,74,1086,261,1838,268,125,53,315,139,,0,21,0,21,4,8,0,21,0,21,0,21,59,46,4,8,154,149,67,60,420,177,2830,265,536,234,792,220,1717,263,10,16,17003,46,13948,460,9834,583,7052,450,3055,458,4206,110,536,234,18,2.7
2667,0500000US48291,Liberty County,Texas,48291,9033,1133,7005,652,15225,817,193,107,365,254,469,183,1211,343,0,31,0,31,23,36,1254,333,3947,391,9306,1183,1642,372,1197,375,,117,106,68,68,75,65,0,31,0,31,101,111,307,160,0,31,615,266,727,250,1617,297,5997,400,2564,562,4757,582,6736,632,164,121,74715,917,60494,1225,40606,1884,26179,1547,14221,1163,22000,230,2564,562,19,1.5
2668,0500000US48293,Limestone County,Texas,48293,1435,226,1674,269,4012,339,37,31,80,55,198,99,778,183,9,14,46,48,74,92,294,91,947,175,3230,285,341,134,419,144,,3,5,7,11,34,27,0,25,0,25,29,34,113,81,10,12,249,114,129,77,861,158,2944,210,627,168,1880,253,2189,300,10,13,22659,172,17953,470,11644,671,9453,470,4706,464,5670,157,627,168,20.8,2
2669,0500000US48295,Lipscomb County,Texas,48295,454,74,480,80,614,78,14,10,61,26,33,21,142,51,0,13,0,13,2,4,20,11,87,30,250,65,25,16,18,11,,2,4,0,13,1,3,0,13,0,13,0,13,8,8,0,13,33,25,25,15,110,42,394,63,167,49,209,64,275,59,0,13,3424,54,2773,120,2284,139,903,101,651,109,967,79,167,49,19,3.2
2670,0500000US48297,Live Oak County,Texas,48297,1357,275,959,206,2026,286,8,13,116,94,57,44,274,111,0,21,0,21,0,21,83,52,733,175,687,227,59,53,258,134,,17,28,0,21,23,38,0,21,0,21,0,21,9,12,0,21,76,91,47,38,320,144,1500,171,460,180,633,174,902,268,48,44,10652,228,8609,426,6273,556,3721,329,2043,408,2713,168,460,180,19.2,3.8
2671,0500000US48299,Llano County,Texas,48299,1049,227,887,223,3232,383,98,52,219,126,180,111,982,180,28,32,0,25,0,25,208,99,1667,280,1114,221,153,124,217,108,,105,90,0,25,190,159,0,25,0,25,4,7,129,68,49,45,237,143,63,54,901,237,5294,294,365,156,1506,251,1408,269,144,125,20429,125,17006,442,12501,560,9925,476,3423,428,3089,90,365,156,16.8,2.1
2672,0500000US48301,Loving County,Texas,48301,24,29,11,16,28,20,0,13,0,13,3,5,0,13,0,13,0,13,0,13,0,13,3,5,0,13,0,13,0,13,,0,13,0,13,0,13,0,13,0,13,0,13,0,13,0,13,0,13,0,13,0,13,22,21,0,13,0,13,11,15,0,13,102,47,91,42,88,43,25,22,11,15,24,29,0,13,10.8,13.6
2673,0500000US48303,Lubbock County,Texas,48303,35558,1389,51821,1454,55466,1377,767,179,3817,478,9221,879,7383,588,188,123,166,194,238,140,1496,247,10021,619,27361,1296,4980,637,4670,551,,709,231,577,225,625,180,0,31,0,31,288,165,505,172,32,32,3956,638,4504,541,8923,692,23779,749,7155,1032,16375,939,16420,1054,273,139,297274,425,257051,1979,201564,2641,85161,1892,40223,1935,78722,560,7155,1032,13.5,0.7
2674,0500000US48305,Lynn County,Texas,48305,493,131,378,81,1014,103,17,18,44,33,126,69,350,77,0,19,0,19,0,19,24,17,345,74,761,143,64,36,163,54,,4,7,7,9,8,15,0,19,0,19,0,19,4,6,0,19,109,58,78,45,150,43,616,71,225,101,371,96,415,76,0,19,5766,48,4755,185,3221,245,2261,184,1011,177,1636,61,225,101,17.5,3.1
2675,0500000US48307,McCulloch County,Texas,48307,839,252,624,153,1503,223,23,23,64,59,6,8,283,124,0,19,0,19,5,8,52,38,472,97,652,224,31,34,82,55,,1,4,8,9,46,40,0,19,0,19,0,19,18,25,0,19,62,51,105,92,409,150,1211,120,322,181,470,136,672,153,0,19,7960,43,6496,306,4869,437,2929,268,1464,299,1940,79,322,181,18.4,3.8
2676,0500000US48309,McLennan County,Texas,48309,28864,1417,35537,1157,47657,1221,826,192,2736,474,4417,517,4686,542,81,47,19,15,252,120,1753,278,7412,604,24513,1349,3880,550,3673,449,,835,239,464,159,756,199,6,9,86,89,232,131,924,224,54,43,2476,473,3169,434,7667,561,24429,704,6667,942,14550,975,15369,934,249,128,244239,379,207404,2001,158338,2642,77096,1876,36835,2002,66196,509,6667,942,15.1,0.8
2677,0500000US48311,McMullen County,Texas,48311,80,71,61,52,105,44,3,4,10,14,21,31,29,46,0,13,0,13,0,13,0,13,3,4,55,58,5,6,15,15,,0,13,0,13,14,20,0,13,0,13,1,5,0,13,0,13,0,13,0,13,48,40,131,51,29,27,18,16,34,24,0,13,662,193,581,178,502,163,210,83,81,50,174,99,29,27,12.2,6.8
2678,0500000US48313,Madison County,Texas,48313,1479,265,859,194,2271,224,75,61,151,101,163,100,158,76,0,21,12,17,0,21,87,46,573,149,998,230,217,117,154,100,,0,21,0,21,11,13,0,21,0,21,0,21,74,55,0,21,117,85,63,51,312,120,1255,156,330,136,394,116,754,177,24,35,10531,339,9029,422,6486,499,3820,372,1502,312,3087,43,330,136,14.3,2.9
2679,0500000US48315,Marion County,Texas,48315,725,212,603,139,1853,256,48,51,140,96,106,61,384,153,0,21,0,21,0,21,148,82,795,150,865,219,311,105,409,106,,0,21,26,38,17,19,0,21,0,21,24,30,124,88,0,21,100,97,19,20,414,118,1611,168,127,70,335,102,755,165,15,24,9954,40,8722,234,5681,490,4726,377,1232,237,1957,99,127,70,12.4,2.4
2680,0500000US48317,Martin County,Texas,48317,1196,233,568,148,1355,180,10,11,113,76,174,83,180,91,0,19,0,19,0,19,49,41,267,79,364,204,32,26,66,59,,0,19,0,19,0,19,0,19,0,19,4,6,4,7,0,19,65,73,0,19,65,35,333,103,132,81,308,115,245,100,13,20,5543,90,4845,226,4001,366,1230,274,698,214,1870,95,132,81,12.6,3.8
2681,0500000US48319,Mason County,Texas,48319,392,126,169,83,525,135,7,14,114,74,46,58,266,123,0,13,0,13,0,13,25,33,238,75,309,187,15,26,82,74,,19,32,81,89,4,6,0,13,0,13,0,13,0,13,0,13,13,21,7,13,195,83,799,122,94,70,234,105,516,145,0,13,4150,13,3306,216,2579,243,1584,207,844,216,941,163,94,70,20.3,5.2
2682,0500000US48321,Matagorda County,Texas,48321,3389,535,3745,387,6595,461,63,43,226,148,490,154,1073,309,32,30,76,70,0,28,486,223,1683,277,4622,589,327,175,770,278,,38,46,0,28,38,42,0,28,0,28,0,28,133,123,25,32,501,224,195,107,942,211,3752,317,1135,434,2388,424,3479,406,139,92,36342,144,29201,826,19869,992,13234,877,7141,830,9987,175,1135,434,19.6,2.3
2683,0500000US48323,Maverick County,Texas,48323,4945,674,5510,683,6922,634,62,62,728,318,477,211,1385,358,34,52,24,42,18,30,524,214,1926,364,8928,849,996,335,1243,294,,9,17,0,31,0,31,0,31,0,31,12,22,59,52,0,31,812,421,481,242,864,215,4362,360,4018,713,5729,642,7479,735,151,104,57698,175,40321,1389,22777,1470,19871,994,17377,1387,19464,196,4018,713,30.1,2.4
2684,0500000US48325,Medina County,Texas,48325,6121,610,4469,484,9930,625,85,56,732,280,887,284,1434,321,0,28,0,28,0,28,307,151,2139,361,2977,459,310,152,1072,267,,286,234,73,62,496,162,0,28,0,28,11,19,173,95,0,28,954,310,438,188,2320,375,5436,386,1204,362,2522,479,2515,510,14,22,46905,297,40650,1077,32565,1383,14981,848,6255,1013,12274,261,1204,362,13.3,2.2
2685,0500000US48327,Menard County,Texas,48327,120,83,78,52,274,76,4,8,11,14,28,32,83,54,0,13,0,13,0,13,7,13,51,37,147,80,0,13,20,25,,0,13,0,13,0,13,0,13,0,13,0,13,0,13,0,13,0,13,6,10,113,57,480,132,56,46,247,84,349,92,0,13,2074,56,1422,143,1095,168,775,128,652,142,334,79,56,46,31.4,6.8
2686,0500000US48329,Midland County,Texas,48329,27389,1475,25361,1123,35756,1144,626,229,2705,487,2160,403,5182,752,97,73,279,159,134,119,420,149,5149,588,9279,1207,1146,297,921,253,,64,82,388,235,135,73,0,31,39,55,77,76,157,86,0,31,1542,430,1814,373,3299,458,10371,565,7270,1145,10524,1077,10512,947,150,110,162946,262,134490,2278,114797,2845,31960,1474,28456,2268,48567,291,7270,1145,17.5,1.4
2687,0500000US48331,Milam County,Texas,48331,2388,485,2214,277,4832,323,98,69,230,102,380,154,638,146,16,19,0,25,0,25,338,145,1186,235,2625,582,463,195,414,131,,106,79,114,139,70,56,0,25,0,25,35,33,49,38,0,25,341,203,283,133,929,220,3186,233,668,291,893,219,1576,269,92,65,24164,165,20935,506,15076,967,9389,761,3229,482,6358,140,668,291,13.4,2
2688,0500000US48333,Mills County,Texas,48333,504,147,273,130,675,118,6,9,13,15,82,59,108,49,0,13,0,13,0,13,12,9,294,79,246,102,6,10,62,52,,179,145,33,33,34,23,0,13,0,13,1,3,41,38,4,7,21,28,12,14,138,62,1011,120,201,88,179,94,591,166,9,14,4735,96,3755,280,2953,352,1818,149,980,247,1164,165,201,88,20.7,5.3
2689,0500000US48335,Mitchell County,Texas,48335,824,223,669,169,1195,200,32,41,72,79,132,103,196,96,0,19,0,19,0,19,31,23,374,132,557,177,65,62,93,90,,46,54,0,19,0,19,0,19,0,19,0,19,73,68,0,19,82,63,37,37,165,90,778,146,106,93,276,172,505,219,0,19,6308,342,5421,369,4090,464,2177,307,887,316,1687,74,106,93,14.1,4.8
2690,0500000US48337,Montague County,Texas,48337,1905,301,1453,171,3576,358,44,46,332,145,170,80,973,211,0,21,0,21,17,26,277,88,762,174,1424,321,183,104,180,73,,69,74,0,21,5,7,0,21,18,27,0,21,32,23,0,21,82,43,167,90,513,148,3204,205,834,226,1255,206,1605,292,33,31,19113,146,15386,557,11910,652,6469,452,3727,547,4664,51,834,226,19.5,2.9
2691,0500000US48339,Montgomery County,Texas,48339,84788,3034,60818,2025,141655,2942,2013,380,9184,1410,7253,910,19194,1508,269,133,228,145,517,226,2964,653,25161,1120,38965,2787,4690,655,4890,730,,2060,807,681,291,2053,653,0,31,0,31,519,264,1180,332,4,5,5891,1044,4711,804,13051,1163,40047,1158,14536,1781,28076,1752,35227,2083,864,305,551489,1356,472786,3550,385596,5475,133016,3739,78703,3564,155652,463,14536,1781,14.3,0.6
2692,0500000US48341,Moore County,Texas,48341,3576,461,2795,332,4531,373,15,12,327,171,238,109,710,285,1,2,21,37,22,32,15,13,503,129,2098,449,330,154,131,86,,2,4,4,6,12,21,0,25,0,25,14,23,0,25,0,25,374,221,189,113,505,163,1625,160,841,297,1393,285,1333,288,22,25,21627,41,18038,619,14667,866,5471,571,3589,619,7239,156,841,297,16.6,2.9
2693,0500000US48343,Morris County,Texas,48343,1421,228,1149,161,2415,291,43,36,45,52,68,45,466,182,0,21,0,21,3,5,115,63,732,148,1077,230,240,95,251,96,,75,84,41,44,10,15,0,21,6,11,12,20,21,29,0,21,117,69,92,62,337,156,1754,158,264,117,510,118,1001,241,7,11,12272,107,10490,347,7701,505,4617,407,1782,319,3005,82,264,117,14.5,2.6
2694,0500000US48345,Motley County,Texas,48345,82,50,82,38,54,24,1,3,23,27,4,6,42,22,0,13,0,13,0,13,5,5,56,27,167,73,19,19,11,10,,18,25,0,13,0,13,0,13,0,13,0,13,14,14,0,13,19,19,18,22,24,18,281,60,24,18,104,47,108,52,0,13,1156,128,920,120,610,106,609,97,236,67,333,84,24,18,20.4,5.4
2695,0500000US48347,Nacogdoches County,Texas,48347,6070,585,8814,726,10536,529,34,32,1213,313,2085,377,1927,301,2,5,14,21,55,56,631,151,2524,290,6989,596,1045,251,1034,167,,81,61,125,79,127,77,0,31,0,31,92,87,132,76,13,19,689,162,786,215,1627,255,5875,345,2241,502,5355,555,4523,487,152,103,64791,189,52520,1126,38257,1389,20424,731,12271,1109,17297,261,2241,502,18.9,1.7
2696,0500000US48349,Navarro County,Texas,48349,5054,598,3443,387,10601,486,71,70,460,151,432,172,1015,185,28,41,3,6,57,46,507,183,2895,346,5749,527,1159,278,683,163,,149,145,61,80,209,146,0,28,0,28,139,87,146,85,0,28,390,148,274,122,1333,204,4649,357,1510,385,3368,371,3368,314,58,61,47811,150,39507,652,26816,969,17529,765,8304,681,13315,145,1510,385,17.4,1.4
2697,0500000US48351,Newton County,Texas,48351,1428,368,934,231,2724,412,4,9,179,125,163,58,397,142,0,21,0,21,26,38,275,133,569,139,1043,317,290,134,419,164,,51,70,0,21,79,41,0,21,0,21,0,21,25,27,0,21,247,136,111,76,472,168,2144,158,300,127,676,221,1314,306,0,21,13870,102,11580,482,8291,743,5473,510,2290,450,3248,152,300,127,16.5,3.3
2698,0500000US48353,Nolan County,Texas,48353,1625,304,1175,171,2966,237,69,41,326,144,154,64,441,108,0,21,10,10,14,22,153,81,799,146,1352,249,236,98,240,88,,5,7,5,7,26,22,6,9,0,21,0,21,43,35,0,21,258,138,136,77,547,143,1648,181,554,239,1070,225,927,202,0,21,14785,158,12234,434,8963,464,5179,428,2551,418,4130,119,554,239,17.3,2.8
2699,0500000US48355,Nueces County,Texas,48355,38134,1464,38872,1234,69903,1602,936,214,3863,616,4818,588,8586,722,158,84,281,165,191,103,2500,357,15266,762,39084,1770,6670,659,9335,679,,1949,440,1546,413,1910,361,5,7,113,126,693,256,1080,327,35,35,3313,491,2987,405,11394,825,31543,858,8580,908,25776,1118,25974,1347,272,107,355767,458,295165,2137,208747,2909,119691,2406,60602,2188,95317,350,8580,908,17,0.6
2700,0500000US48357,Ochiltree County,Texas,48357,1718,295,1342,214,1920,233,34,27,167,123,98,71,392,117,0,21,0,21,0,21,33,33,282,92,915,259,97,86,80,96,,42,60,0,21,19,29,0,21,0,21,0,21,0,21,0,21,123,93,25,24,188,71,665,92,529,201,565,188,1033,213,18,23,10285,33,8140,421,6621,534,2288,325,2145,426,3494,106,529,201,20.9,4.1
2701,0500000US48359,Oldham County,Texas,48359,176,154,143,46,465,121,6,7,25,22,22,13,47,22,0,13,1,3,0,13,22,23,71,27,74,50,8,8,9,9,,0,13,0,13,0,13,0,13,0,13,0,13,0,13,0,13,5,9,13,11,52,29,217,52,8,10,71,57,85,40,0,13,1520,428,1356,402,1151,362,434,104,164,68,289,210,8,10,10.8,4.2
2702,0500000US48361,Orange County,Texas,48361,9442,763,8362,619,17613,711,195,95,623,214,722,193,1627,274,55,46,218,222,30,34,858,185,3824,383,7804,690,1291,285,1551,301,,95,74,103,82,154,73,45,58,0,31,108,87,165,85,0,31,1835,429,1384,323,3959,494,8407,405,1812,379,4583,511,6399,499,37,33,83301,152,70470,871,52513,1513,27767,977,12831,867,21829,240,1812,379,15.4,1
2703,0500000US48363,Palo Pinto County,Texas,48363,1897,366,2191,285,5072,406,52,39,449,167,350,116,1422,288,0,25,138,167,4,8,354,111,1733,272,3026,411,353,152,457,151,,58,65,14,26,79,56,0,25,0,25,18,20,76,76,6,9,348,171,316,115,957,206,3483,265,1256,312,1831,271,2118,340,16,26,28074,139,22853,602,15680,851,10934,577,5221,623,7172,154,1256,312,18.6,2.2
2704,0500000US48365,Panola County,Texas,48365,2207,289,2077,347,4909,409,39,35,233,120,150,76,720,225,26,46,0,25,0,25,237,105,1099,261,2427,333,424,152,444,162,,31,37,11,17,51,38,0,25,35,42,7,13,76,64,11,17,308,152,186,100,537,145,2915,265,779,246,1410,244,1844,374,12,20,23205,112,19160,535,13936,662,8458,518,4045,538,6020,130,779,246,17.4,2.3
2705,0500000US48367,Parker County,Texas,48367,17307,916,12815,647,30536,987,460,155,3057,473,2178,395,5190,617,54,46,226,142,36,55,970,220,5730,426,7570,914,1115,267,1592,380,,729,228,237,125,1204,310,21,33,8,14,68,50,372,169,12,14,1355,319,1010,233,4017,532,12753,522,3568,661,5777,522,8382,686,68,57,128417,301,110622,1252,90697,1658,34717,1471,17795,1237,33820,191,3568,661,13.9,1
2706,0500000US48369,Parmer County,Texas,48369,885,237,914,172,1827,180,0,19,331,128,166,79,449,121,0,19,0,19,0,19,52,36,420,91,1219,229,108,49,84,43,,10,12,0,19,12,12,0,19,0,19,35,27,37,50,0,19,151,138,83,54,188,80,802,92,426,143,776,143,789,137,8,12,9772,82,7773,322,5620,386,3015,274,1999,306,3022,67,426,143,20.5,3.1
2707,0500000US48371,Pecos County,Texas,48371,1914,331,1382,232,2892,275,10,15,151,96,151,108,217,84,4,7,41,47,18,25,84,55,504,146,1155,273,123,92,142,73,,5,8,5,11,11,18,0,21,0,21,30,48,21,33,0,21,282,147,100,79,361,118,1310,163,581,213,1039,228,1060,228,101,131,13694,167,10913,524,8454,572,3966,380,2781,504,4129,103,581,213,20.3,3.7
2708,0500000US48373,Polk County,Texas,48373,3363,436,3368,368,7608,591,124,88,666,244,461,159,1840,352,0,28,88,128,81,74,775,225,3035,290,4832,418,729,238,953,212,,163,112,138,84,63,46,0,28,32,38,110,88,268,130,0,28,111,57,245,110,1732,299,5311,331,1039,280,2614,330,4471,538,9,13,44229,585,36096,765,23622,1007,17889,847,8133,668,10294,128,1039,280,18.4,1.5
2709,0500000US48375,Potter County,Texas,48375,12685,950,12561,703,19827,723,216,77,1197,333,1129,250,2332,332,53,51,132,103,9,15,683,147,3980,369,15063,918,1964,314,2268,305,,108,73,62,52,167,87,0,31,4,7,70,56,480,137,15,17,1018,278,1026,248,3302,338,9014,467,4465,739,10067,677,9915,650,271,134,114083,338,89365,1356,61482,1683,37609,1194,24718,1388,34672,183,4465,739,21.7,1.2
2710,0500000US48377,Presidio County,Texas,48377,330,173,345,122,972,283,63,69,110,99,54,58,139,111,0,19,0,19,0,19,31,47,517,172,1071,308,73,82,157,98,,0,19,0,19,0,19,0,19,0,19,0,19,0,19,0,19,0,19,51,63,174,102,901,246,709,275,323,139,988,230,115,69,7123,19,4988,454,2491,413,2903,362,2135,454,2220,218,709,275,30,6.4
2711,0500000US48379,Rains County,Texas,48379,992,220,792,134,1946,249,27,27,92,66,50,45,238,102,0,21,0,21,8,13,205,85,929,194,824,170,117,54,213,97,,36,46,0,21,20,21,0,21,0,21,0,21,130,76,0,21,145,81,91,71,477,156,1784,203,301,149,667,136,1280,271,46,53,11410,21,9116,423,6240,465,4688,360,2294,424,2390,60,301,149,20.1,3.7
2712,0500000US48381,Randall County,Texas,48381,20183,905,18077,845,31980,817,483,143,2536,510,2506,390,4450,479,36,30,24,32,31,34,576,171,4947,414,6957,831,1341,273,1026,237,,223,125,166,106,191,80,21,34,16,19,164,120,283,123,17,20,1722,448,1891,366,4460,495,13224,424,2698,603,5871,711,5454,732,32,40,131586,246,117531,1430,100621,1693,33372,1355,14055,1407,34359,299,2698,603,10.7,1.1
2713,0500000US48383,Reagan County,Texas,48383,585,151,493,108,774,130,17,23,163,126,26,31,81,52,0,13,0,13,5,8,18,19,96,49,191,76,30,37,10,15,,0,13,0,13,0,13,0,13,0,13,0,13,3,5,0,13,52,53,0,13,52,43,204,58,204,100,279,97,433,138,0,13,3716,58,2800,216,2408,226,634,124,916,212,1195,119,204,100,24.7,5.7
2714,0500000US48385,Real County,Texas,48385,186,80,63,37,364,121,15,24,48,49,7,11,71,48,0,13,0,13,0,13,7,9,192,86,226,101,57,40,92,88,,41,51,9,14,0,13,0,13,0,13,0,13,11,12,0,13,34,35,50,45,75,51,838,163,147,102,317,134,426,123,19,27,3295,107,2386,243,1610,230,1560,198,909,237,682,134,147,102,27.6,7.1
2715,0500000US48387,Red River County,Texas,48387,1020,190,991,228,2393,236,123,89,86,50,141,93,348,85,0,21,0,21,13,21,158,58,823,164,1280,198,181,93,284,89,,0,21,33,35,33,33,0,21,0,21,8,13,4,6,0,21,3,5,77,62,525,147,1799,194,226,113,560,125,968,213,0,21,12077,99,10323,324,7083,398,5109,362,1754,293,2615,79,226,113,14.5,2.5
2716,0500000US48389,Reeves County,Texas,48389,1575,281,1840,395,2580,276,49,34,38,58,81,74,173,77,0,21,8,12,0,21,140,84,632,138,1131,228,112,82,120,81,,27,45,0,21,48,58,0,21,0,21,0,21,10,14,64,75,285,155,38,35,335,156,995,156,499,208,988,237,1151,300,6,9,12925,343,10281,531,7621,612,3585,337,2644,456,3563,161,499,208,20.5,3.5
2717,0500000US48391,Refugio County,Texas,48391,675,120,501,121,1346,135,4,6,97,66,105,69,186,54,0,19,0,19,0,19,73,45,371,90,735,138,147,56,109,59,,0,19,9,19,0,19,0,19,0,19,0,19,27,29,0,19,140,72,76,44,265,77,1082,109,168,78,418,95,536,127,0,19,7070,105,5948,242,4239,311,2855,210,1122,211,1815,65,168,78,15.9,3
2718,0500000US48393,Roberts County,Texas,48393,214,79,44,19,186,51,3,4,10,9,33,25,33,24,0,13,0,13,0,13,0,13,41,25,51,45,0,13,0,13,,0,13,0,13,0,13,0,13,0,13,0,13,4,6,0,13,4,6,8,11,25,21,156,36,11,13,26,18,36,16,0,13,885,125,812,122,691,128,278,68,73,33,290,81,11,13,8.2,3.6
2719,0500000US48395,Robertson County,Texas,48395,2168,277,1414,220,3539,335,24,23,107,92,180,105,602,163,36,48,0,21,0,21,153,62,914,197,1368,310,371,127,443,193,,56,77,0,21,59,53,0,21,0,21,0,21,48,39,0,21,135,84,12,17,422,135,2148,217,489,172,906,197,1104,238,0,21,16698,84,14199,376,10378,584,5937,502,2499,361,4323,99,489,172,15,2.2
2720,0500000US48397,Rockwall County,Texas,48397,17275,866,10927,626,26473,905,430,148,2085,515,1233,342,3080,504,36,34,0,31,75,100,376,202,2931,354,3424,749,394,188,380,202,,733,353,249,158,650,246,0,31,0,31,100,102,152,69,0,31,897,295,780,241,2511,389,7255,327,2511,524,2912,514,4941,621,82,61,92892,230,82446,1094,73615,1456,17178,1039,10446,1077,26925,247,2511,524,11.2,1.2
2721,0500000US48399,Runnels County,Texas,48399,1051,167,884,144,1887,191,45,31,240,110,88,47,372,132,3,4,0,21,0,21,85,47,524,102,925,141,219,104,120,66,,6,9,0,21,16,24,0,21,0,21,0,21,20,17,0,21,250,110,62,54,292,95,1426,106,172,84,456,105,942,187,8,10,10093,94,8515,249,6330,315,3766,256,1578,245,2644,89,172,84,15.6,2.4
2722,0500000US48401,Rusk County,Texas,48401,5232,531,4193,361,10119,624,131,74,828,244,670,185,1362,278,22,28,1,5,10,18,266,84,2404,308,4643,534,819,237,1037,279,,150,92,61,48,56,37,0,31,0,31,24,27,128,102,0,31,408,141,247,106,1045,147,5503,303,1710,343,3000,373,4574,502,101,67,48744,283,39359,840,28715,1127,16142,786,9385,768,12972,150,1710,343,19.3,1.6
2723,0500000US48403,Sabine County,Texas,48403,774,245,427,112,1638,283,18,28,58,35,89,59,220,90,0,21,0,21,4,7,198,141,696,174,1071,257,299,131,146,101,,7,11,0,21,74,76,0,21,0,21,0,21,47,43,0,21,10,14,120,76,589,168,2370,178,94,82,489,163,932,209,0,21,10370,107,8855,344,5914,518,5390,415,1515,310,2014,47,94,82,14.6,3
2724,0500000US48405,San Augustine County,Texas,48405,651,192,384,148,1231,209,0,19,102,77,188,106,386,124,0,19,0,19,90,118,73,54,465,121,917,189,184,125,202,70,,0,19,0,19,0,19,0,19,0,19,0,19,2,3,10,14,58,52,44,28,368,120,1493,136,96,76,302,120,838,195,10,14,8094,98,6848,248,4467,406,3804,315,1246,239,1824,80,96,76,15.4,2.9
2725,0500000US48407,San Jacinto County,Texas,48407,1724,482,1740,370,3893,505,152,110,430,326,290,182,1113,392,19,30,70,77,51,50,511,177,1837,378,3126,434,686,255,999,275,,0,25,49,66,0,25,0,25,0,25,33,51,23,26,0,25,391,296,89,81,1026,269,4002,376,788,335,1360,285,3222,481,54,106,27678,101,22254,724,13432,966,12743,794,5424,708,6529,109,788,335,19.6,2.6
2726,0500000US48409,San Patricio County,Texas,48409,8021,699,7163,420,12891,600,208,78,557,169,564,165,1404,218,69,52,0,31,64,65,569,147,3114,352,7365,625,850,227,1348,274,,366,218,136,86,632,154,0,31,20,32,69,78,301,164,0,31,787,238,641,210,1667,277,5946,309,2028,410,4277,455,5202,473,15,17,66274,162,54752,908,39263,1397,21923,919,11522,946,19144,153,2028,410,17.4,1.4
2727,0500000US48411,San Saba County,Texas,48411,395,106,283,96,1043,147,0,19,63,44,17,17,186,78,0,19,0,19,0,19,41,34,240,73,621,86,35,38,57,47,,0,19,0,19,16,21,0,19,0,19,0,19,15,13,0,19,42,32,44,57,127,51,1061,91,134,53,363,115,502,121,5,7,5290,188,4286,215,3109,247,2203,169,1004,175,1255,72,134,53,19,3.2
2728,0500000US48413,Schleicher County,Texas,48413,445,100,457,109,641,112,23,23,41,56,2,6,79,42,0,13,5,8,0,13,38,37,127,47,74,65,12,15,40,36,,8,12,0,13,0,13,0,13,0,13,0,13,0,13,0,13,26,22,13,15,48,29,335,59,267,102,181,112,199,65,0,13,3061,13,2414,195,2066,200,689,115,647,195,866,34,267,102,21.1,6.4
2729,0500000US48415,Scurry County,Texas,48415,2460,405,1682,229,2907,335,68,68,293,143,245,122,476,165,17,21,18,20,0,21,179,126,1013,201,1108,314,119,71,247,99,,0,21,0,21,2,3,0,21,0,21,5,12,61,56,0,21,345,198,68,60,588,235,1413,200,500,207,793,194,1116,328,0,21,15723,136,13314,514,10268,664,4647,466,2409,515,4724,158,500,207,15.3,3.3
2730,0500000US48417,Shackelford County,Texas,48417,424,145,252,91,601,111,0,13,221,124,47,49,148,75,0,13,0,13,0,13,7,13,130,55,206,90,84,55,74,51,,16,20,9,17,4,7,0,13,0,13,0,13,0,13,12,17,18,17,0,13,142,69,467,55,28,26,123,65,272,103,0,13,3285,23,2862,139,2238,202,1135,160,423,136,913,76,28,26,12.9,4.1
2731,0500000US48419,Shelby County,Texas,48419,2290,453,1774,249,4044,425,23,33,253,122,306,116,797,188,24,28,13,23,18,23,387,157,1334,240,2976,331,494,248,285,128,,5,8,0,25,46,53,0,25,0,25,0,25,38,31,22,31,288,136,193,120,800,206,2708,266,1452,471,1970,279,2723,427,41,51,25304,94,19118,804,12621,863,9356,519,6186,804,7277,131,1452,471,24.4,3.2
2732,0500000US48421,Sherman County,Texas,48421,341,132,208,63,638,99,8,10,89,42,76,39,219,59,0,13,0,13,21,29,4,6,105,37,218,70,41,44,22,26,,13,21,0,13,12,16,0,13,0,13,0,13,5,8,0,13,4,10,20,16,83,48,303,52,99,53,177,65,320,97,0,13,3026,38,2430,150,2006,177,738,116,596,149,764,161,99,53,19.7,4.9
2733,0500000US48423,Smith County,Texas,48423,22957,1138,23565,1041,41766,1343,652,203,4654,797,4204,596,8115,838,37,32,138,94,177,107,1458,324,9658,805,21714,1344,3512,493,3398,509,,573,325,453,164,470,143,13,22,47,57,119,102,546,170,0,31,2907,619,2617,502,6548,652,24122,797,6095,938,14082,859,17766,1109,341,142,222704,256,184420,1896,139290,2598,73592,1892,38284,1854,59085,293,6095,938,17.2,0.8
2734,0500000US48425,Somervell County,Texas,48425,890,253,825,188,1774,283,18,17,232,147,392,197,215,172,34,49,0,19,9,15,216,122,482,142,490,217,108,99,87,71,,0,19,0,19,0,19,0,19,0,19,0,19,0,19,0,19,149,143,85,130,211,129,881,148,234,199,355,193,870,352,0,19,8557,82,7098,513,5411,604,2679,420,1459,508,1995,18,234,199,17.1,5.9
2735,0500000US48427,Starr County,Texas,48427,2583,566,3798,503,5641,511,15,16,431,173,517,223,1319,264,0,31,22,28,34,49,415,115,1721,278,14725,792,1683,373,1817,375,,53,90,23,36,14,20,0,31,0,31,0,31,22,33,0,31,357,163,361,181,1590,318,5083,304,4239,697,7799,514,8846,683,251,103,63359,130,42224,1212,16790,1363,27426,1052,21135,1208,22410,181,4239,697,33.4,1.9
2736,0500000US48429,Stephens County,Texas,48429,788,251,592,206,1418,237,15,23,118,93,123,93,504,146,0,19,0,19,0,19,32,28,478,103,1033,182,115,71,225,79,,0,19,0,19,53,41,0,19,0,19,0,19,31,36,0,19,41,43,76,68,184,94,1212,111,381,139,740,172,736,191,0,19,8895,163,7038,326,4691,428,3359,299,1857,309,2361,161,381,139,20.9,3.4
2737,0500000US48431,Sterling County,Texas,48431,115,74,77,37,259,72,0,13,11,14,25,26,77,33,0,13,3,6,0,13,10,17,48,29,122,78,0,13,0,13,,0,13,0,13,0,13,0,13,0,13,0,13,8,11,0,13,18,24,0,13,27,19,80,41,58,18,36,28,120,37,9,13,1103,130,880,128,672,121,316,103,223,50,327,101,58,18,20.2,4.6
2738,0500000US48433,Stonewall County,Texas,48433,136,88,62,34,304,78,0,13,0,13,20,15,18,16,0,13,0,13,0,13,0,13,106,47,151,119,0,13,13,16,,0,13,0,13,0,13,0,13,0,13,0,13,0,13,0,13,3,4,10,13,70,58,241,64,87,54,21,16,89,38,0,13,1331,131,1134,139,826,135,558,141,197,81,377,129,87,54,14.8,5.9
2739,0500000US48435,Sutton County,Texas,48435,519,173,445,113,914,157,35,41,86,61,21,28,70,68,0,13,19,29,0,13,41,36,229,108,189,133,33,37,5,9,,0,13,0,13,4,6,0,13,0,13,0,13,0,13,0,13,51,68,45,36,87,64,376,115,110,59,249,124,303,115,13,19,3844,15,3169,218,2580,260,1026,221,675,217,974,136,110,59,17.6,5.7
2740,0500000US48437,Swisher County,Texas,48437,648,173,551,177,979,152,4,20,126,83,144,61,221,62,0,19,0,19,0,19,50,53,425,111,971,212,110,77,279,130,,4,6,0,19,0,19,0,19,0,19,0,19,14,30,0,19,20,24,23,19,105,35,866,101,218,119,508,160,564,116,0,19,6830,223,5540,378,3522,409,2847,260,1290,250,1987,46,218,119,18.9,3.9
2741,0500000US48439,Tarrant County,Texas,48439,259886,4928,252539,3451,456754,4087,7180,579,30351,2115,33238,1540,61311,2361,871,196,819,267,1181,296,10745,808,74639,1726,189269,4090,24245,1557,29883,1330,,7178,1252,3786,656,8153,950,239,209,188,117,1721,368,4388,571,170,126,21587,1728,19207,1144,53523,2167,124070,1675,58669,3168,122691,2794,142077,3124,3801,482,2004359,912,1677121,6301,1306518,9212,521057,5371,327238,6231,567947,1034,58669,3168,16.3,0.3
2742,0500000US48441,Taylor County,Texas,48441,14375,1075,16868,887,22419,845,462,148,1364,286,2532,514,2767,431,71,58,26,32,86,50,721,152,4803,423,12376,965,2049,412,2262,404,,3430,687,2385,457,1983,354,0,31,0,31,183,101,259,93,7,13,1994,542,1947,356,5005,506,12929,451,2423,446,7493,630,7592,561,122,76,130933,639,113303,1254,87374,1841,41115,1270,17630,1072,35988,248,2423,446,13.5,0.8
2743,0500000US48443,Terrell County,Texas,48443,40,40,58,50,178,71,24,36,0,13,6,8,19,20,0,13,0,13,0,13,2,3,75,46,0,13,0,13,7,10,,0,13,0,13,0,13,0,13,0,13,0,13,0,13,0,13,55,38,1,3,90,76,174,76,18,26,40,54,75,67,0,13,862,187,729,162,579,156,357,122,133,93,113,53,18,26,15.4,9.6
2744,0500000US48445,Terry County,Texas,48445,900,270,815,213,2070,259,22,30,166,110,158,85,304,126,0,21,0,21,10,20,71,60,605,145,1768,318,129,84,218,131,,0,21,48,68,0,21,0,21,0,21,0,21,14,11,0,21,136,136,112,96,214,88,1180,190,579,309,1135,240,859,183,15,24,11528,182,8940,593,5643,605,4396,457,2588,557,3549,35,579,309,22.4,4.9
2745,0500000US48447,Throckmorton County,Texas,48447,127,54,169,53,289,57,0,13,11,10,4,5,77,40,0,13,0,13,4,5,33,24,123,35,109,56,22,26,22,17,,2,3,0,13,0,13,0,13,0,13,0,13,0,13,0,13,2,3,9,11,33,16,249,47,70,54,87,47,105,41,9,13,1556,153,1285,126,942,108,586,79,271,106,321,90,70,54,17.4,6
2746,0500000US48449,Titus County,Texas,48449,3201,487,3334,391,6316,414,169,102,384,142,376,138,880,188,71,55,44,36,0,28,228,100,1088,202,5047,445,473,177,516,145,,20,22,28,24,12,18,0,28,0,28,11,18,113,84,0,28,335,147,338,116,762,176,2809,218,1012,257,2249,293,2522,342,141,85,32479,110,26555,653,18506,977,11305,616,5924,639,10043,110,1012,257,18.2,2
2747,0500000US48451,Tom Green County,Texas,48451,12565,962,14117,712,20961,732,386,149,2067,470,2340,460,3592,378,25,37,30,42,60,80,386,103,4108,458,9077,1116,1686,389,1650,316,,1359,398,644,195,1310,341,0,31,31,50,38,46,187,84,0,31,1303,294,1276,276,3988,457,12459,520,3231,657,7214,728,6522,606,40,33,112652,634,95645,1379,75721,1827,34164,1520,17007,1301,29663,293,3231,657,15.1,1.1
2748,0500000US48453,Travis County,Texas,48453,147120,3147,200259,3055,293893,3069,4529,554,20451,1568,36364,1730,49960,2004,1019,306,662,252,1116,300,3819,469,27625,1265,79984,3077,14350,1091,19586,1411,,1691,438,1593,360,2101,395,11,17,16,23,1139,328,2256,471,83,81,9550,1305,13638,961,27939,1456,73173,1294,24293,1784,69683,2124,66129,2291,1723,398,1195755,652,1033927,4341,869388,5849,254152,4216,161828,4245,283767,773,24293,1784,13.5,0.4
2749,0500000US48455,Trinity County,Texas,48455,777,174,678,167,2361,254,60,86,43,44,149,71,376,160,6,9,0,21,0,21,304,133,1352,221,1464,216,251,124,253,109,,0,21,25,36,66,45,0,21,58,69,98,84,86,54,5,8,51,46,99,69,616,172,2325,237,724,256,808,185,1384,221,15,26,14434,90,11503,431,6851,455,6900,411,2931,432,3117,86,724,256,20.3,3
2750,0500000US48457,Tyler County,Texas,48457,1971,266,890,224,3378,343,42,46,360,166,285,140,345,120,0,25,0,25,9,11,561,165,1585,236,1376,299,260,116,515,313,,38,46,14,15,59,47,0,25,0,25,20,22,223,119,0,25,331,155,235,124,639,188,2823,240,260,154,1146,308,1406,245,6,9,18777,384,15959,439,10689,622,8536,458,2818,395,4336,184,260,154,15,2
2751,0500000US48459,Upshur County,Texas,48459,4645,546,3321,350,8475,503,92,68,533,210,568,163,1484,331,0,28,16,19,14,22,318,106,2360,330,3383,496,435,138,668,212,,118,101,52,50,52,42,0,28,0,28,20,27,185,94,0,28,573,197,414,176,1351,212,4346,289,1241,418,2110,301,3407,464,40,47,40221,201,33423,820,24738,952,13276,704,6798,797,10509,130,1241,418,16.9,2
2752,0500000US48461,Upton County,Texas,48461,781,115,353,78,951,117,20,18,28,32,0,13,41,41,0,13,0,13,0,13,22,18,196,50,211,107,36,22,68,44,,0,13,0,13,0,13,0,13,0,13,0,13,0,13,0,13,36,42,28,34,54,29,290,63,78,57,178,70,189,66,17,20,3577,49,3115,136,2467,189,933,146,462,125,1134,90,78,57,12.9,3.5
2753,0500000US48463,Uvalde County,Texas,48463,2121,413,2412,475,4094,482,51,48,260,148,294,144,980,248,0,25,9,16,0,25,83,46,1451,273,3837,460,390,179,521,225,,136,149,89,97,35,36,0,25,0,25,0,25,46,36,0,25,486,246,159,122,722,203,2738,270,864,338,2509,424,2209,428,86,75,26582,186,20914,889,13464,969,10120,737,5668,885,7713,174,864,338,21.3,3.3
2754,0500000US48465,Val Verde County,Texas,48465,4317,603,3848,502,7415,556,138,80,697,246,731,317,1068,230,24,39,0,28,0,28,292,117,2350,353,6243,686,777,300,993,229,,711,225,405,130,503,186,0,28,0,28,0,28,6,9,0,28,1168,388,704,232,1220,219,4104,377,1744,551,3385,497,3367,356,125,70,46335,332,37714,994,25159,1304,16463,1046,8621,958,14880,168,1744,551,18.6,2.1
2755,0500000US48467,Van Zandt County,Texas,48467,4886,502,4042,415,9883,564,114,57,916,284,598,171,2425,371,41,31,13,18,113,84,698,186,3578,346,4716,440,606,180,895,236,,429,266,100,84,232,108,0,31,0,31,34,34,155,79,3,6,718,249,519,148,2004,324,6763,346,1608,404,2958,374,4607,561,67,69,53721,152,44481,933,31896,1087,20363,754,9240,917,13286,144,1608,404,17.2,1.7
2756,0500000US48469,Victoria County,Texas,48469,11465,915,9778,726,18797,786,341,139,1376,372,1221,344,3037,452,71,51,0,31,90,76,555,157,4495,393,8146,857,1593,312,1301,308,,129,75,159,97,169,93,0,31,0,31,58,48,324,130,0,31,966,303,1047,252,2701,395,8727,472,2532,583,5983,674,5827,557,63,63,90951,225,76546,1264,57304,1781,28877,1251,14405,1260,24614,203,2532,583,15.8,1.4
2757,0500000US48471,Walker County,Texas,48471,7418,693,13482,806,11067,795,60,50,462,232,1051,275,778,227,80,77,26,45,19,22,92,55,1608,317,2938,582,761,274,592,215,,99,98,60,41,37,50,0,31,0,31,115,95,88,71,0,31,376,167,430,222,1480,373,6079,404,996,318,3975,655,2613,509,31,40,56813,1604,49198,1490,42049,1594,14108,900,7615,981,12315,296,996,318,13.4,1.6
2758,0500000US48473,Waller County,Texas,48473,5809,826,6954,475,8549,634,101,90,1168,383,1525,316,1437,325,0,28,17,27,51,65,233,144,2234,260,4862,774,543,184,538,185,,43,37,56,47,113,93,0,28,0,28,45,54,99,71,0,28,441,200,762,210,1044,231,3190,261,1743,502,4125,506,3959,487,116,88,49757,63,39814,1029,30369,1459,13242,903,9943,1024,14083,301,1743,502,20,2.1
2759,0500000US48475,Ward County,Texas,48475,1641,286,1536,221,2276,196,118,70,209,107,62,47,242,97,0,21,0,21,0,21,60,34,545,108,980,284,192,106,151,107,,22,33,0,21,29,42,0,21,0,21,0,21,16,18,0,21,40,38,102,42,391,117,836,126,413,172,737,147,823,172,56,41,11477,96,9448,328,7216,509,3169,406,2029,315,3305,133,413,172,17.7,2.7
2760,0500000US48477,Washington County,Texas,48477,4183,397,3471,597,7206,489,133,85,412,203,598,281,1470,286,12,19,51,58,45,89,243,119,1950,351,2711,475,328,120,343,162,,23,25,49,54,33,38,0,28,35,48,12,21,1,4,0,28,325,164,575,237,1154,326,4823,348,667,238,1159,240,2089,359,43,60,34144,191,30186,610,23670,845,11810,629,3958,538,8407,215,667,238,11.6,1.6
2761,0500000US48479,Webb County,Texas,48479,20953,1680,19784,919,36679,1203,505,160,4017,625,3579,439,7258,756,154,69,219,129,184,95,1293,215,7345,449,54209,1800,5574,517,5570,559,,316,309,187,120,61,37,0,31,0,31,205,124,222,102,19,30,3433,759,1834,304,5450,603,14872,483,13234,1305,30012,1077,31501,1170,1110,296,269779,354,193922,2731,108913,3067,97148,2306,75857,2690,96381,338,13234,1305,28.1,1
2762,0500000US48481,Wharton County,Texas,48481,4189,454,3986,367,8176,625,81,54,515,202,593,188,1556,319,15,25,104,85,25,33,255,113,2223,284,4779,479,664,250,423,162,,95,91,33,38,59,55,0,28,0,28,11,19,107,92,14,24,380,189,225,92,996,241,4202,291,1398,355,2613,359,3371,456,109,71,41197,93,33706,840,23557,1098,13888,664,7491,829,11460,141,1398,355,18.2,2
2763,0500000US48483,Wheeler County,Texas,48483,602,142,536,106,1079,114,18,19,72,42,120,71,162,48,0,19,0,19,0,19,9,10,242,55,538,152,40,30,69,38,,0,19,0,19,0,19,0,19,0,19,0,19,13,18,0,19,32,20,19,16,105,38,692,67,218,94,369,94,466,97,12,15,5413,44,4348,184,3347,259,1683,212,1065,186,1462,31,218,94,19.7,3.4
2764,0500000US48485,Wichita County,Texas,48485,11756,1005,12210,823,21149,816,141,67,1624,396,2860,426,2624,320,13,16,134,134,64,53,1140,239,4351,397,11152,930,1997,340,2402,382,,2212,548,1015,291,1549,297,0,31,59,63,47,45,300,116,0,31,1913,370,1520,279,5501,483,13012,402,2428,430,6383,625,7304,606,27,29,116887,876,100745,1307,75743,1861,40658,1498,16142,1143,31278,302,2428,430,13.8,1
2765,0500000US48487,Wilbarger County,Texas,48487,1238,296,1291,238,2595,305,42,37,133,101,120,78,287,160,0,21,0,21,30,37,128,81,448,131,1202,234,199,112,211,116,,41,48,0,21,0,21,0,21,30,45,5,8,119,105,0,21,215,160,230,128,627,206,1716,163,309,155,733,233,771,212,0,21,12720,86,10907,351,8069,619,4777,414,1813,343,3168,98,309,155,14.3,2.7
2766,0500000US48489,Willacy County,Texas,48489,1107,309,1162,280,2338,356,7,10,55,66,86,55,448,142,7,11,0,25,0,25,132,51,1185,191,3835,308,938,233,609,229,,6,9,10,16,7,12,0,25,11,18,34,37,28,26,0,25,193,95,148,101,573,161,1637,192,519,172,2469,361,2692,337,18,23,20254,361,14556,527,6599,739,9056,480,5698,568,5726,132,519,172,28.1,2.6
2767,0500000US48491,Williamson County,Texas,48491,92981,2088,67864,1549,145173,1918,1850,294,10268,952,9184,829,17467,970,554,213,202,107,208,137,2157,346,14567,792,21939,1605,4375,614,4256,582,,3317,581,1183,311,2381,370,18,25,315,236,297,138,1093,264,9,14,8092,930,6061,777,16777,1128,41977,924,8759,1087,17463,1295,21801,1264,939,643,523527,480,474565,2730,419178,3723,110149,2561,48962,2673,145873,438,8759,1087,9.4,0.5
2768,0500000US48493,Wilson County,Texas,48493,6242,666,4598,381,10557,651,123,78,585,195,769,198,1569,330,32,29,0,28,30,45,398,127,1489,231,3387,696,585,211,711,234,,464,203,66,50,959,263,0,28,0,28,4,7,136,74,0,28,458,140,533,189,1945,294,5075,285,1160,319,2301,294,3274,484,83,65,47533,163,40715,722,32961,1168,13554,1003,6818,707,12296,92,1160,319,14.3,1.5
2769,0500000US48495,Winkler County,Texas,48495,1105,269,859,157,1416,198,59,42,243,151,98,59,245,98,2,5,2,4,0,19,54,36,238,82,726,208,88,45,38,48,,0,19,0,19,7,12,0,19,0,19,34,36,72,59,0,19,27,32,45,30,132,72,556,98,461,163,450,118,712,205,34,38,7703,67,6046,345,4668,453,1974,271,1657,345,2564,120,461,163,21.5,4.5
2770,0500000US48497,Wise County,Texas,48497,7597,692,6166,491,14073,608,147,93,1054,315,1169,300,2569,431,18,19,5,9,61,48,593,186,2660,338,4931,717,494,155,685,159,,249,216,108,53,313,133,0,31,0,31,52,38,130,70,13,21,533,171,700,160,1708,296,6330,386,2622,483,3425,377,5163,578,97,95,63665,244,52358,941,41587,1395,18246,942,11307,923,16991,120,2622,483,17.8,1.4
2771,0500000US48499,Wood County,Texas,48499,4028,466,2984,349,8334,600,104,71,419,185,416,147,1365,289,27,32,15,23,27,33,651,194,3358,370,3264,486,474,182,783,245,,12,19,17,26,104,72,9,14,0,28,16,27,103,67,4,5,509,206,445,152,1657,415,7881,411,916,304,2120,302,2768,418,70,57,42880,188,37006,676,27043,1046,18512,825,5874,656,9163,158,916,304,13.7,1.5
2772,0500000US48501,Yoakum County,Texas,48501,1235,403,988,299,1642,251,38,49,127,109,164,131,177,93,0,19,0,19,0,19,19,24,364,151,924,372,24,54,76,57,,0,19,0,19,5,11,0,19,0,19,0,19,4,6,0,19,81,104,43,64,184,126,554,149,484,248,720,251,703,163,15,29,8571,19,6649,481,5154,709,2076,400,1922,481,2851,21,484,248,22.4,5.6
2773,0500000US48503,Young County,Texas,48503,1395,308,1403,275,3551,300,84,60,390,168,216,154,917,206,0,21,0,21,17,25,211,96,899,209,1742,375,195,113,200,83,,180,139,0,21,79,75,0,21,0,21,31,41,44,42,0,21,119,90,125,85,280,130,2434,207,865,286,1030,247,1418,239,0,21,17825,85,14512,474,10708,599,6048,496,3313,478,4691,165,865,286,18.6,2.7
2774,0500000US48505,Zapata County,Texas,48505,718,320,714,206,1725,405,63,74,36,37,28,40,250,138,0,21,0,21,0,21,51,66,578,165,3346,478,330,156,490,177,,0,21,0,21,0,21,0,21,0,21,0,21,18,31,18,32,224,181,89,76,156,91,1294,221,660,280,1927,236,1605,348,14,24,14334,56,10128,483,4596,680,6540,549,4206,484,4984,165,660,280,29.3,3.4
2775,0500000US48507,Zavala County,Texas,48507,450,260,739,261,1424,311,40,40,10,13,215,196,457,179,0,21,0,21,0,21,204,146,458,161,2825,353,476,182,393,180,,0,21,0,21,0,21,0,21,0,21,0,21,14,25,0,21,326,218,169,129,381,171,1160,160,162,109,1019,299,1006,255,7,12,11935,43,9741,351,4443,663,6018,439,2194,354,3773,208,162,109,18.4,3
3220,0500000US48269,King County,Texas,48269,28,21,16,12,68,21,0,13,7,6,2,4,10,18,0,13,0,13,0,13,1,3,20,14,21,23,6,10,12,14,,0,13,0,13,0,13,0,13,0,13,0,13,0,13,0,13,0,13,0,13,6,7,13,10,5,7,7,8,6,6,0,13,228,69,210,68,150,43,73,52,18,16,61,32,5,7,7.9,7
